seed,noise_percentage,noise_test,accuracy,noise_snr
0,20,Noiseless,0.9597137014314928,
1,20,Noiseless,0.9591002044989775,
2,20,Noiseless,0.9629856850715747,
3,20,Noiseless,0.9627811860940695,
4,20,Noiseless,0.9615541922290388,
5,20,Noiseless,0.9644171779141104,
6,20,Noiseless,0.9582822085889571,
7,20,Noiseless,0.9613496932515337,
8,20,Noiseless,0.9623721881390593,
9,20,Noiseless,0.9578732106339468,
10,20,Noiseless,0.959918200408998,
11,20,Noiseless,0.959918200408998,
12,20,Noiseless,0.9648261758691207,
13,20,Noiseless,0.9597137014314928,
14,20,Noiseless,0.9615541922290388,
15,20,Noiseless,0.9584867075664621,
16,20,Noiseless,0.9613496932515337,
17,20,Noiseless,0.961758691206544,
18,20,Noiseless,0.9570552147239264,
19,20,Noiseless,0.959918200408998,
20,20,Noiseless,0.9588957055214724,
21,20,Noiseless,0.9576687116564417,
22,20,Noiseless,0.9597137014314928,
23,20,Noiseless,0.9588957055214724,
24,20,Noiseless,0.9609406952965235,
0,40,Noiseless,0.9621676891615542,
1,40,Noiseless,0.9578732106339468,
2,40,Noiseless,0.9613496932515337,
3,40,Noiseless,0.9605316973415133,
4,40,Noiseless,0.9595092024539877,
5,40,Noiseless,0.96359918200409,
6,40,Noiseless,0.9586912065439673,
7,40,Noiseless,0.9601226993865031,
8,40,Noiseless,0.9558282208588957,
9,40,Noiseless,0.9576687116564417,
10,40,Noiseless,0.9595092024539877,
11,40,Noiseless,0.9603271983640081,
12,40,Noiseless,0.9591002044989775,
13,40,Noiseless,0.961758691206544,
14,40,Noiseless,0.9597137014314928,
15,40,Noiseless,0.965439672801636,
16,40,Noiseless,0.9631901840490797,
17,40,Noiseless,0.9595092024539877,
18,40,Noiseless,0.9578732106339468,
19,40,Noiseless,0.9566462167689161,
20,40,Noiseless,0.9591002044989775,
21,40,Noiseless,0.9588957055214724,
22,40,Noiseless,0.9613496932515337,
23,40,Noiseless,0.9603271983640081,
24,40,Noiseless,0.9558282208588957,
0,60,Noiseless,0.9576687116564417,
1,60,Noiseless,0.9591002044989775,
2,60,Noiseless,0.9609406952965235,
3,60,Noiseless,0.9584867075664621,
4,60,Noiseless,0.9595092024539877,
5,60,Noiseless,0.9613496932515337,
6,60,Noiseless,0.9570552147239264,
7,60,Noiseless,0.9588957055214724,
8,60,Noiseless,0.9588957055214724,
9,60,Noiseless,0.9574642126789366,
10,60,Noiseless,0.9623721881390593,
11,60,Noiseless,0.9638036809815951,
12,60,Noiseless,0.9578732106339468,
13,60,Noiseless,0.9597137014314928,
14,60,Noiseless,0.9605316973415133,
15,60,Noiseless,0.9615541922290388,
16,60,Noiseless,0.9601226993865031,
17,60,Noiseless,0.9601226993865031,
18,60,Noiseless,0.9535787321063395,
19,60,Noiseless,0.9605316973415133,
20,60,Noiseless,0.961758691206544,
21,60,Noiseless,0.9593047034764827,
22,60,Noiseless,0.9595092024539877,
23,60,Noiseless,0.9593047034764827,
24,60,Noiseless,0.9586912065439673,
0,80,Noiseless,0.959918200408998,
1,80,Noiseless,0.9574642126789366,
2,80,Noiseless,0.9558282208588957,
3,80,Noiseless,0.9609406952965235,
4,80,Noiseless,0.9593047034764827,
5,80,Noiseless,0.9593047034764827,
6,80,Noiseless,0.9566462167689161,
7,80,Noiseless,0.9566462167689161,
8,80,Noiseless,0.9591002044989775,
9,80,Noiseless,0.9543967280163599,
10,80,Noiseless,0.9578732106339468,
11,80,Noiseless,0.9615541922290388,
12,80,Noiseless,0.9609406952965235,
13,80,Noiseless,0.9611451942740287,
14,80,Noiseless,0.9572597137014315,
15,80,Noiseless,0.9582822085889571,
16,80,Noiseless,0.961758691206544,
17,80,Noiseless,0.9580777096114519,
18,80,Noiseless,0.9550102249488752,
19,80,Noiseless,0.9564417177914111,
20,80,Noiseless,0.9550102249488752,
21,80,Noiseless,0.9546012269938651,
22,80,Noiseless,0.9595092024539877,
23,80,Noiseless,0.9584867075664621,
24,80,Noiseless,0.9578732106339468,
0,100,Noiseless,0.9574642126789366,
1,100,Noiseless,0.9611451942740287,
2,100,Noiseless,0.9570552147239264,
3,100,Noiseless,0.9601226993865031,
4,100,Noiseless,0.9564417177914111,
5,100,Noiseless,0.9591002044989775,
6,100,Noiseless,0.9537832310838446,
7,100,Noiseless,0.9574642126789366,
8,100,Noiseless,0.9568507157464212,
9,100,Noiseless,0.9570552147239264,
10,100,Noiseless,0.9566462167689161,
11,100,Noiseless,0.9566462167689161,
12,100,Noiseless,0.9591002044989775,
13,100,Noiseless,0.9586912065439673,
14,100,Noiseless,0.9566462167689161,
15,100,Noiseless,0.9568507157464212,
16,100,Noiseless,0.9591002044989775,
17,100,Noiseless,0.9541922290388548,
18,100,Noiseless,0.9582822085889571,
19,100,Noiseless,0.9568507157464212,
20,100,Noiseless,0.9546012269938651,
21,100,Noiseless,0.9558282208588957,
22,100,Noiseless,0.9597137014314928,
23,100,Noiseless,0.9556237218813906,
24,100,Noiseless,0.9576687116564417,
0,20,white,0.9470347648261759,24.0
1,20,white,0.947239263803681,24.0
2,20,white,0.9478527607361963,24.0
3,20,white,0.9521472392638037,24.0
4,20,white,0.943558282208589,24.0
5,20,white,0.950920245398773,24.0
6,20,white,0.9449897750511247,24.0
7,20,white,0.949079754601227,24.0
8,20,white,0.9445807770961145,24.0
9,20,white,0.9456032719836401,24.0
10,20,white,0.9474437627811861,24.0
11,20,white,0.9511247443762781,24.0
12,20,white,0.9511247443762781,24.0
13,20,white,0.9466257668711656,24.0
14,20,white,0.9480572597137015,24.0
15,20,white,0.9443762781186094,24.0
16,20,white,0.9480572597137015,24.0
17,20,white,0.9498977505112475,24.0
18,20,white,0.9445807770961145,24.0
19,20,white,0.943558282208589,24.0
20,20,white,0.9494887525562372,24.0
21,20,white,0.9439672801635992,24.0
22,20,white,0.9470347648261759,24.0
23,20,white,0.943762781186094,24.0
24,20,white,0.9480572597137015,24.0
0,20,white,0.943558282208589,21.0
1,20,white,0.9406952965235174,21.0
2,20,white,0.9458077709611452,21.0
3,20,white,0.9425357873210634,21.0
4,20,white,0.9413087934560327,21.0
5,20,white,0.9431492842535787,21.0
6,20,white,0.9394683026584867,21.0
7,20,white,0.9433537832310839,21.0
8,20,white,0.9413087934560327,21.0
9,20,white,0.9423312883435583,21.0
10,20,white,0.9439672801635992,21.0
11,20,white,0.9429447852760736,21.0
12,20,white,0.9421267893660532,21.0
13,20,white,0.9421267893660532,21.0
14,20,white,0.9408997955010225,21.0
15,20,white,0.9421267893660532,21.0
16,20,white,0.9431492842535787,21.0
17,20,white,0.9456032719836401,21.0
18,20,white,0.943558282208589,21.0
19,20,white,0.9384458077709611,21.0
20,20,white,0.945398773006135,21.0
21,20,white,0.9431492842535787,21.0
22,20,white,0.9408997955010225,21.0
23,20,white,0.9376278118609407,21.0
24,20,white,0.941717791411043,21.0
0,20,white,0.9341513292433538,18.0
1,20,white,0.9349693251533743,18.0
2,20,white,0.938036809815951,18.0
3,20,white,0.9406952965235174,18.0
4,20,white,0.9343558282208589,18.0
5,20,white,0.9390593047034764,18.0
6,20,white,0.9329243353783231,18.0
7,20,white,0.9394683026584867,18.0
8,20,white,0.9376278118609407,18.0
9,20,white,0.9357873210633947,18.0
10,20,white,0.9370143149284254,18.0
11,20,white,0.9392638036809816,18.0
12,20,white,0.938241308793456,18.0
13,20,white,0.9374233128834356,18.0
14,20,white,0.9394683026584867,18.0
15,20,white,0.9349693251533743,18.0
16,20,white,0.9384458077709611,18.0
17,20,white,0.9413087934560327,18.0
18,20,white,0.9366053169734151,18.0
19,20,white,0.9349693251533743,18.0
20,20,white,0.9378323108384458,18.0
21,20,white,0.9366053169734151,18.0
22,20,white,0.9368098159509203,18.0
23,20,white,0.9376278118609407,18.0
24,20,white,0.938036809815951,18.0
0,20,white,0.9284253578732107,15.0
1,20,white,0.9251533742331288,15.0
2,20,white,0.9292433537832311,15.0
3,20,white,0.932719836400818,15.0
4,20,white,0.9261758691206544,15.0
5,20,white,0.9296523517382413,15.0
6,20,white,0.9288343558282208,15.0
7,20,white,0.9323108384458078,15.0
8,20,white,0.9296523517382413,15.0
9,20,white,0.9265848670756647,15.0
10,20,white,0.9241308793456032,15.0
11,20,white,0.9304703476482618,15.0
12,20,white,0.9314928425357873,15.0
13,20,white,0.9304703476482618,15.0
14,20,white,0.9292433537832311,15.0
15,20,white,0.9286298568507158,15.0
16,20,white,0.9300613496932515,15.0
17,20,white,0.9331288343558283,15.0
18,20,white,0.9302658486707567,15.0
19,20,white,0.9263803680981595,15.0
20,20,white,0.9357873210633947,15.0
21,20,white,0.9286298568507158,15.0
22,20,white,0.9292433537832311,15.0
23,20,white,0.9296523517382413,15.0
24,20,white,0.9292433537832311,15.0
0,20,white,0.9153374233128835,12.0
1,20,white,0.9226993865030675,12.0
2,20,white,0.9222903885480572,12.0
3,20,white,0.9255623721881391,12.0
4,20,white,0.9130879345603272,12.0
5,20,white,0.9220858895705522,12.0
6,20,white,0.9175869120654396,12.0
7,20,white,0.9208588957055215,12.0
8,20,white,0.9179959100204499,12.0
9,20,white,0.9224948875255624,12.0
10,20,white,0.9200408997955011,12.0
11,20,white,0.9245398773006135,12.0
12,20,white,0.9198364008179959,12.0
13,20,white,0.914519427402863,12.0
14,20,white,0.9214723926380368,12.0
15,20,white,0.9198364008179959,12.0
16,20,white,0.9190184049079755,12.0
17,20,white,0.9255623721881391,12.0
18,20,white,0.9177914110429448,12.0
19,20,white,0.914519427402863,12.0
20,20,white,0.9214723926380368,12.0
21,20,white,0.9198364008179959,12.0
22,20,white,0.918200408997955,12.0
23,20,white,0.9212678936605317,12.0
24,20,white,0.9188139059304703,12.0
0,20,white,0.9022494887525563,9.0
1,20,white,0.9077709611451943,9.0
2,20,white,0.912883435582822,9.0
3,20,white,0.9141104294478528,9.0
4,20,white,0.905316973415133,9.0
5,20,white,0.911042944785276,9.0
6,20,white,0.9085889570552147,9.0
7,20,white,0.9087934560327199,9.0
8,20,white,0.9067484662576687,9.0
9,20,white,0.9083844580777096,9.0
10,20,white,0.9077709611451943,9.0
11,20,white,0.910838445807771,9.0
12,20,white,0.9104294478527607,9.0
13,20,white,0.912678936605317,9.0
14,20,white,0.9143149284253579,9.0
15,20,white,0.9122699386503067,9.0
16,20,white,0.9077709611451943,9.0
17,20,white,0.911042944785276,9.0
18,20,white,0.9069529652351738,9.0
19,20,white,0.9067484662576687,9.0
20,20,white,0.9085889570552147,9.0
21,20,white,0.9044989775051124,9.0
22,20,white,0.9083844580777096,9.0
23,20,white,0.9087934560327199,9.0
24,20,white,0.907361963190184,9.0
0,20,white,0.8824130879345603,6.0
1,20,white,0.8914110429447852,6.0
2,20,white,0.8965235173824131,6.0
3,20,white,0.8979550102249488,6.0
4,20,white,0.8930470347648262,6.0
5,20,white,0.8916155419222904,6.0
6,20,white,0.8926380368098159,6.0
7,20,white,0.8971370143149284,6.0
8,20,white,0.894478527607362,6.0
9,20,white,0.8903885480572598,6.0
10,20,white,0.8926380368098159,6.0
11,20,white,0.8977505112474438,6.0
12,20,white,0.8975460122699387,6.0
13,20,white,0.8930470347648262,6.0
14,20,white,0.8965235173824131,6.0
15,20,white,0.8922290388548058,6.0
16,20,white,0.8910020449897751,6.0
17,20,white,0.8938650306748466,6.0
18,20,white,0.8905930470347648,6.0
19,20,white,0.8914110429447852,6.0
20,20,white,0.8965235173824131,6.0
21,20,white,0.8946830265848671,6.0
22,20,white,0.8914110429447852,6.0
23,20,white,0.8922290388548058,6.0
24,20,white,0.8924335378323108,6.0
0,20,white,0.8640081799591002,3.0
1,20,white,0.8695296523517383,3.0
2,20,white,0.8719836400817996,3.0
3,20,white,0.8760736196319019,3.0
4,20,white,0.8676891615541922,3.0
5,20,white,0.8660531697341514,3.0
6,20,white,0.8693251533742331,3.0
7,20,white,0.868916155419223,3.0
8,20,white,0.8713701431492843,3.0
9,20,white,0.8699386503067484,3.0
10,20,white,0.8695296523517383,3.0
11,20,white,0.8754601226993866,3.0
12,20,white,0.8742331288343558,3.0
13,20,white,0.87280163599182,3.0
14,20,white,0.8756646216768916,3.0
15,20,white,0.8711656441717791,3.0
16,20,white,0.872597137014315,3.0
17,20,white,0.87280163599182,3.0
18,20,white,0.870961145194274,3.0
19,20,white,0.867280163599182,3.0
20,20,white,0.8742331288343558,3.0
21,20,white,0.8668711656441718,3.0
22,20,white,0.8674846625766871,3.0
23,20,white,0.8752556237218814,3.0
24,20,white,0.876482617586912,3.0
0,20,white,0.8394683026584867,0.0
1,20,white,0.8402862985685071,0.0
2,20,white,0.8458077709611452,0.0
3,20,white,0.8498977505112475,0.0
4,20,white,0.8394683026584867,0.0
5,20,white,0.841717791411043,0.0
6,20,white,0.8413087934560327,0.0
7,20,white,0.8476482617586912,0.0
8,20,white,0.8431492842535787,0.0
9,20,white,0.841717791411043,0.0
10,20,white,0.84560327198364,0.0
11,20,white,0.8425357873210634,0.0
12,20,white,0.8415132924335378,0.0
13,20,white,0.8415132924335378,0.0
14,20,white,0.8470347648261759,0.0
15,20,white,0.8427402862985685,0.0
16,20,white,0.849284253578732,0.0
17,20,white,0.8464212678936606,0.0
18,20,white,0.8390593047034764,0.0
19,20,white,0.8372188139059304,0.0
20,20,white,0.8501022494887526,0.0
21,20,white,0.8408997955010225,0.0
22,20,white,0.8478527607361963,0.0
23,20,white,0.8408997955010225,0.0
24,20,white,0.8433537832310839,0.0
0,20,white,0.7858895705521473,-3.0
1,20,white,0.7912065439672802,-3.0
2,20,white,0.7936605316973415,-3.0
3,20,white,0.7942740286298569,-3.0
4,20,white,0.8008179959100205,-3.0
5,20,white,0.7940695296523518,-3.0
6,20,white,0.7885480572597137,-3.0
7,20,white,0.7944785276073619,-3.0
8,20,white,0.7993865030674847,-3.0
9,20,white,0.7926380368098159,-3.0
10,20,white,0.7946830265848671,-3.0
11,20,white,0.8008179959100205,-3.0
12,20,white,0.7940695296523518,-3.0
13,20,white,0.7955010224948875,-3.0
14,20,white,0.7985685071574642,-3.0
15,20,white,0.7871165644171779,-3.0
16,20,white,0.7844580777096114,-3.0
17,20,white,0.7916155419222903,-3.0
18,20,white,0.7924335378323109,-3.0
19,20,white,0.787321063394683,-3.0
20,20,white,0.7969325153374233,-3.0
21,20,white,0.789161554192229,-3.0
22,20,white,0.8008179959100205,-3.0
23,20,white,0.7993865030674847,-3.0
24,20,white,0.7777096114519427,-3.0
0,20,pink,0.9445807770961145,24.0
1,20,pink,0.9443762781186094,24.0
2,20,pink,0.9464212678936605,24.0
3,20,pink,0.9468302658486708,24.0
4,20,pink,0.9415132924335379,24.0
5,20,pink,0.9498977505112475,24.0
6,20,pink,0.9466257668711656,24.0
7,20,pink,0.9480572597137015,24.0
8,20,pink,0.9470347648261759,24.0
9,20,pink,0.9480572597137015,24.0
10,20,pink,0.9433537832310839,24.0
11,20,pink,0.9468302658486708,24.0
12,20,pink,0.9480572597137015,24.0
13,20,pink,0.9451942740286299,24.0
14,20,pink,0.9515337423312883,24.0
15,20,pink,0.945398773006135,24.0
16,20,pink,0.9466257668711656,24.0
17,20,pink,0.9470347648261759,24.0
18,20,pink,0.9441717791411043,24.0
19,20,pink,0.9415132924335379,24.0
20,20,pink,0.9476482617586912,24.0
21,20,pink,0.9462167689161555,24.0
22,20,pink,0.9451942740286299,24.0
23,20,pink,0.941922290388548,24.0
24,20,pink,0.943558282208589,24.0
0,20,pink,0.9406952965235174,21.0
1,20,pink,0.9423312883435583,21.0
2,20,pink,0.9443762781186094,21.0
3,20,pink,0.9468302658486708,21.0
4,20,pink,0.9357873210633947,21.0
5,20,pink,0.941717791411043,21.0
6,20,pink,0.940081799591002,21.0
7,20,pink,0.9404907975460123,21.0
8,20,pink,0.9439672801635992,21.0
9,20,pink,0.9415132924335379,21.0
10,20,pink,0.941922290388548,21.0
11,20,pink,0.943558282208589,21.0
12,20,pink,0.9449897750511247,21.0
13,20,pink,0.941717791411043,21.0
14,20,pink,0.9439672801635992,21.0
15,20,pink,0.9359918200408998,21.0
16,20,pink,0.9411042944785276,21.0
17,20,pink,0.943558282208589,21.0
18,20,pink,0.938241308793456,21.0
19,20,pink,0.938241308793456,21.0
20,20,pink,0.9421267893660532,21.0
21,20,pink,0.9406952965235174,21.0
22,20,pink,0.941717791411043,21.0
23,20,pink,0.9353783231083844,21.0
24,20,pink,0.9394683026584867,21.0
0,20,pink,0.934560327198364,18.0
1,20,pink,0.9341513292433538,18.0
2,20,pink,0.9366053169734151,18.0
3,20,pink,0.9396728016359919,18.0
4,20,pink,0.9304703476482618,18.0
5,20,pink,0.93640081799591,18.0
6,20,pink,0.934560327198364,18.0
7,20,pink,0.9359918200408998,18.0
8,20,pink,0.9355828220858896,18.0
9,20,pink,0.9306748466257668,18.0
10,20,pink,0.9335378323108384,18.0
11,20,pink,0.9331288343558283,18.0
12,20,pink,0.9355828220858896,18.0
13,20,pink,0.9347648261758691,18.0
14,20,pink,0.934560327198364,18.0
15,20,pink,0.9329243353783231,18.0
16,20,pink,0.9347648261758691,18.0
17,20,pink,0.9343558282208589,18.0
18,20,pink,0.9335378323108384,18.0
19,20,pink,0.9294478527607362,18.0
20,20,pink,0.93640081799591,18.0
21,20,pink,0.9335378323108384,18.0
22,20,pink,0.9370143149284254,18.0
23,20,pink,0.9323108384458078,18.0
24,20,pink,0.9335378323108384,18.0
0,20,pink,0.9218813905930471,15.0
1,20,pink,0.9253578732106339,15.0
2,20,pink,0.930879345603272,15.0
3,20,pink,0.930879345603272,15.0
4,20,pink,0.9214723926380368,15.0
5,20,pink,0.9255623721881391,15.0
6,20,pink,0.9233128834355828,15.0
7,20,pink,0.92719836400818,15.0
8,20,pink,0.9245398773006135,15.0
9,20,pink,0.9269938650306748,15.0
10,20,pink,0.9200408997955011,15.0
11,20,pink,0.9261758691206544,15.0
12,20,pink,0.9282208588957055,15.0
13,20,pink,0.930879345603272,15.0
14,20,pink,0.9298568507157464,15.0
15,20,pink,0.9253578732106339,15.0
16,20,pink,0.9229038854805726,15.0
17,20,pink,0.929038854805726,15.0
18,20,pink,0.9265848670756647,15.0
19,20,pink,0.9220858895705522,15.0
20,20,pink,0.9269938650306748,15.0
21,20,pink,0.9241308793456032,15.0
22,20,pink,0.9241308793456032,15.0
23,20,pink,0.9251533742331288,15.0
24,20,pink,0.9276073619631902,15.0
0,20,pink,0.9104294478527607,12.0
1,20,pink,0.914519427402863,12.0
2,20,pink,0.9196319018404908,12.0
3,20,pink,0.9159509202453988,12.0
4,20,pink,0.912883435582822,12.0
5,20,pink,0.9159509202453988,12.0
6,20,pink,0.9104294478527607,12.0
7,20,pink,0.9190184049079755,12.0
8,20,pink,0.916359918200409,12.0
9,20,pink,0.9179959100204499,12.0
10,20,pink,0.9116564417177914,12.0
11,20,pink,0.912678936605317,12.0
12,20,pink,0.9202453987730062,12.0
13,20,pink,0.9188139059304703,12.0
14,20,pink,0.9184049079754601,12.0
15,20,pink,0.914519427402863,12.0
16,20,pink,0.9171779141104295,12.0
17,20,pink,0.9167689161554192,12.0
18,20,pink,0.9194274028629856,12.0
19,20,pink,0.9122699386503067,12.0
20,20,pink,0.9161554192229039,12.0
21,20,pink,0.9118609406952966,12.0
22,20,pink,0.9159509202453988,12.0
23,20,pink,0.9102249488752556,12.0
24,20,pink,0.9155419222903886,12.0
0,20,pink,0.8907975460122699,9.0
1,20,pink,0.8942740286298568,9.0
2,20,pink,0.9065439672801636,9.0
3,20,pink,0.9030674846625767,9.0
4,20,pink,0.8987730061349694,9.0
5,20,pink,0.8965235173824131,9.0
6,20,pink,0.898159509202454,9.0
7,20,pink,0.8973415132924335,9.0
8,20,pink,0.8997955010224948,9.0
9,20,pink,0.9012269938650307,9.0
10,20,pink,0.8955010224948875,9.0
11,20,pink,0.8975460122699387,9.0
12,20,pink,0.9024539877300614,9.0
13,20,pink,0.9006134969325154,9.0
14,20,pink,0.9006134969325154,9.0
15,20,pink,0.8969325153374234,9.0
16,20,pink,0.8989775051124744,9.0
17,20,pink,0.8975460122699387,9.0
18,20,pink,0.8987730061349694,9.0
19,20,pink,0.8936605316973415,9.0
20,20,pink,0.901840490797546,9.0
21,20,pink,0.8983640081799591,9.0
22,20,pink,0.8991820040899795,9.0
23,20,pink,0.8952965235173824,9.0
24,20,pink,0.8952965235173824,9.0
0,20,pink,0.8711656441717791,6.0
1,20,pink,0.8693251533742331,6.0
2,20,pink,0.8785276073619632,6.0
3,20,pink,0.8840490797546012,6.0
4,20,pink,0.8734151329243354,6.0
5,20,pink,0.8830265848670756,6.0
6,20,pink,0.874642126789366,6.0
7,20,pink,0.8791411042944786,6.0
8,20,pink,0.8752556237218814,6.0
9,20,pink,0.8815950920245399,6.0
10,20,pink,0.8760736196319019,6.0
11,20,pink,0.876482617586912,6.0
12,20,pink,0.8846625766871166,6.0
13,20,pink,0.8828220858895706,6.0
14,20,pink,0.8844580777096115,6.0
15,20,pink,0.8826175869120655,6.0
16,20,pink,0.8795501022494887,6.0
17,20,pink,0.8791411042944786,6.0
18,20,pink,0.8748466257668711,6.0
19,20,pink,0.876278118609407,6.0
20,20,pink,0.8775051124744376,6.0
21,20,pink,0.874642126789366,6.0
22,20,pink,0.8785276073619632,6.0
23,20,pink,0.8748466257668711,6.0
24,20,pink,0.8856850715746422,6.0
0,20,pink,0.8411042944785276,3.0
1,20,pink,0.8468302658486707,3.0
2,20,pink,0.8515337423312883,3.0
3,20,pink,0.8480572597137014,3.0
4,20,pink,0.8488752556237219,3.0
5,20,pink,0.8451942740286299,3.0
6,20,pink,0.8411042944785276,3.0
7,20,pink,0.8531697341513292,3.0
8,20,pink,0.847443762781186,3.0
9,20,pink,0.8529652351738242,3.0
10,20,pink,0.8468302658486707,3.0
11,20,pink,0.8443762781186094,3.0
12,20,pink,0.8552147239263803,3.0
13,20,pink,0.8480572597137014,3.0
14,20,pink,0.8513292433537832,3.0
15,20,pink,0.8445807770961146,3.0
16,20,pink,0.8505112474437628,3.0
17,20,pink,0.8458077709611452,3.0
18,20,pink,0.8443762781186094,3.0
19,20,pink,0.8439672801635992,3.0
20,20,pink,0.850920245398773,3.0
21,20,pink,0.8503067484662576,3.0
22,20,pink,0.8476482617586912,3.0
23,20,pink,0.8443762781186094,3.0
24,20,pink,0.8517382413087935,3.0
0,20,pink,0.7997955010224949,0.0
1,20,pink,0.8057259713701431,0.0
2,20,pink,0.811042944785276,0.0
3,20,pink,0.8122699386503067,0.0
4,20,pink,0.8130879345603272,0.0
5,20,pink,0.7948875255623722,0.0
6,20,pink,0.8006134969325154,0.0
7,20,pink,0.801840490797546,0.0
8,20,pink,0.8006134969325154,0.0
9,20,pink,0.8020449897750511,0.0
10,20,pink,0.8004089979550102,0.0
11,20,pink,0.8034764826175869,0.0
12,20,pink,0.8085889570552147,0.0
13,20,pink,0.8134969325153374,0.0
14,20,pink,0.8059304703476483,0.0
15,20,pink,0.8022494887525562,0.0
16,20,pink,0.807361963190184,0.0
17,20,pink,0.8153374233128834,0.0
18,20,pink,0.80920245398773,0.0
19,20,pink,0.7957055214723926,0.0
20,20,pink,0.807157464212679,0.0
21,20,pink,0.805316973415133,0.0
22,20,pink,0.805521472392638,0.0
23,20,pink,0.8057259713701431,0.0
24,20,pink,0.8120654396728016,0.0
0,20,pink,0.7271983640081799,-3.0
1,20,pink,0.7372188139059305,-3.0
2,20,pink,0.7331288343558282,-3.0
3,20,pink,0.7394683026584867,-3.0
4,20,pink,0.7386503067484662,-3.0
5,20,pink,0.7341513292433538,-3.0
6,20,pink,0.7349693251533742,-3.0
7,20,pink,0.7325153374233129,-3.0
8,20,pink,0.7220858895705522,-3.0
9,20,pink,0.7321063394683026,-3.0
10,20,pink,0.7282208588957055,-3.0
11,20,pink,0.7456032719836401,-3.0
12,20,pink,0.7415132924335378,-3.0
13,20,pink,0.7451942740286298,-3.0
14,20,pink,0.7339468302658486,-3.0
15,20,pink,0.7331288343558282,-3.0
16,20,pink,0.7302658486707566,-3.0
17,20,pink,0.7376278118609407,-3.0
18,20,pink,0.7402862985685071,-3.0
19,20,pink,0.7267893660531697,-3.0
20,20,pink,0.7411042944785277,-3.0
21,20,pink,0.7233128834355829,-3.0
22,20,pink,0.7425357873210634,-3.0
23,20,pink,0.7231083844580777,-3.0
24,20,pink,0.7298568507157465,-3.0
0,20,babble,0.9562372188139059,24.0
1,20,babble,0.9548057259713701,24.0
2,20,babble,0.9562372188139059,24.0
3,20,babble,0.9576687116564417,24.0
4,20,babble,0.9556237218813906,24.0
5,20,babble,0.9574642126789366,24.0
6,20,babble,0.9543967280163599,24.0
7,20,babble,0.9566462167689161,24.0
8,20,babble,0.9535787321063395,24.0
9,20,babble,0.9568507157464212,24.0
10,20,babble,0.9537832310838446,24.0
11,20,babble,0.9564417177914111,24.0
12,20,babble,0.9574642126789366,24.0
13,20,babble,0.9554192229038855,24.0
14,20,babble,0.9552147239263804,24.0
15,20,babble,0.9556237218813906,24.0
16,20,babble,0.9570552147239264,24.0
17,20,babble,0.9572597137014315,24.0
18,20,babble,0.9543967280163599,24.0
19,20,babble,0.9552147239263804,24.0
20,20,babble,0.9556237218813906,24.0
21,20,babble,0.9570552147239264,24.0
22,20,babble,0.9586912065439673,24.0
23,20,babble,0.9539877300613497,24.0
24,20,babble,0.9560327198364008,24.0
0,20,babble,0.9531697341513292,21.0
1,20,babble,0.9507157464212679,21.0
2,20,babble,0.9550102249488752,21.0
3,20,babble,0.9556237218813906,21.0
4,20,babble,0.9523517382413088,21.0
5,20,babble,0.9552147239263804,21.0
6,20,babble,0.9531697341513292,21.0
7,20,babble,0.9543967280163599,21.0
8,20,babble,0.950920245398773,21.0
9,20,babble,0.9535787321063395,21.0
10,20,babble,0.9507157464212679,21.0
11,20,babble,0.9556237218813906,21.0
12,20,babble,0.9564417177914111,21.0
13,20,babble,0.9531697341513292,21.0
14,20,babble,0.9564417177914111,21.0
15,20,babble,0.9529652351738241,21.0
16,20,babble,0.9548057259713701,21.0
17,20,babble,0.9566462167689161,21.0
18,20,babble,0.9515337423312883,21.0
19,20,babble,0.9515337423312883,21.0
20,20,babble,0.9529652351738241,21.0
21,20,babble,0.9535787321063395,21.0
22,20,babble,0.9562372188139059,21.0
23,20,babble,0.9507157464212679,21.0
24,20,babble,0.9527607361963191,21.0
0,20,babble,0.9486707566462168,18.0
1,20,babble,0.9480572597137015,18.0
2,20,babble,0.9546012269938651,18.0
3,20,babble,0.9525562372188139,18.0
4,20,babble,0.9492842535787321,18.0
5,20,babble,0.9527607361963191,18.0
6,20,babble,0.9498977505112475,18.0
7,20,babble,0.9523517382413088,18.0
8,20,babble,0.947239263803681,18.0
9,20,babble,0.9470347648261759,18.0
10,20,babble,0.9476482617586912,18.0
11,20,babble,0.9517382413087935,18.0
12,20,babble,0.950920245398773,18.0
13,20,babble,0.9498977505112475,18.0
14,20,babble,0.9515337423312883,18.0
15,20,babble,0.9478527607361963,18.0
16,20,babble,0.9503067484662576,18.0
17,20,babble,0.9513292433537832,18.0
18,20,babble,0.9482617586912065,18.0
19,20,babble,0.9468302658486708,18.0
20,20,babble,0.9494887525562372,18.0
21,20,babble,0.947239263803681,18.0
22,20,babble,0.9523517382413088,18.0
23,20,babble,0.9456032719836401,18.0
24,20,babble,0.9478527607361963,18.0
0,20,babble,0.941717791411043,15.0
1,20,babble,0.9431492842535787,15.0
2,20,babble,0.9496932515337423,15.0
3,20,babble,0.9460122699386503,15.0
4,20,babble,0.9458077709611452,15.0
5,20,babble,0.9466257668711656,15.0
6,20,babble,0.9421267893660532,15.0
7,20,babble,0.9464212678936605,15.0
8,20,babble,0.9411042944785276,15.0
9,20,babble,0.941717791411043,15.0
10,20,babble,0.940081799591002,15.0
11,20,babble,0.9447852760736196,15.0
12,20,babble,0.9451942740286299,15.0
13,20,babble,0.9441717791411043,15.0
14,20,babble,0.945398773006135,15.0
15,20,babble,0.9431492842535787,15.0
16,20,babble,0.943762781186094,15.0
17,20,babble,0.945398773006135,15.0
18,20,babble,0.9433537832310839,15.0
19,20,babble,0.9392638036809816,15.0
20,20,babble,0.9456032719836401,15.0
21,20,babble,0.9431492842535787,15.0
22,20,babble,0.945398773006135,15.0
23,20,babble,0.9423312883435583,15.0
24,20,babble,0.9421267893660532,15.0
0,20,babble,0.9331288343558283,12.0
1,20,babble,0.9353783231083844,12.0
2,20,babble,0.943558282208589,12.0
3,20,babble,0.9388548057259714,12.0
4,20,babble,0.938241308793456,12.0
5,20,babble,0.9368098159509203,12.0
6,20,babble,0.9347648261758691,12.0
7,20,babble,0.9366053169734151,12.0
8,20,babble,0.9339468302658487,12.0
9,20,babble,0.9333333333333333,12.0
10,20,babble,0.9325153374233128,12.0
11,20,babble,0.9349693251533743,12.0
12,20,babble,0.9376278118609407,12.0
13,20,babble,0.9359918200408998,12.0
14,20,babble,0.9353783231083844,12.0
15,20,babble,0.9357873210633947,12.0
16,20,babble,0.9372188139059304,12.0
17,20,babble,0.9374233128834356,12.0
18,20,babble,0.9359918200408998,12.0
19,20,babble,0.9302658486707567,12.0
20,20,babble,0.9366053169734151,12.0
21,20,babble,0.934560327198364,12.0
22,20,babble,0.9386503067484663,12.0
23,20,babble,0.9361963190184049,12.0
24,20,babble,0.9366053169734151,12.0
0,20,babble,0.9184049079754601,9.0
1,20,babble,0.9224948875255624,9.0
2,20,babble,0.9319018404907975,9.0
3,20,babble,0.9253578732106339,9.0
4,20,babble,0.9241308793456032,9.0
5,20,babble,0.9276073619631902,9.0
6,20,babble,0.9208588957055215,9.0
7,20,babble,0.9245398773006135,9.0
8,20,babble,0.9214723926380368,9.0
9,20,babble,0.9212678936605317,9.0
10,20,babble,0.9229038854805726,9.0
11,20,babble,0.9235173824130879,9.0
12,20,babble,0.9226993865030675,9.0
13,20,babble,0.9243353783231084,9.0
14,20,babble,0.9226993865030675,9.0
15,20,babble,0.9233128834355828,9.0
16,20,babble,0.9241308793456032,9.0
17,20,babble,0.9263803680981595,9.0
18,20,babble,0.9212678936605317,9.0
19,20,babble,0.9188139059304703,9.0
20,20,babble,0.9257668711656442,9.0
21,20,babble,0.9229038854805726,9.0
22,20,babble,0.9257668711656442,9.0
23,20,babble,0.9220858895705522,9.0
24,20,babble,0.9231083844580777,9.0
0,20,babble,0.9010224948875256,6.0
1,20,babble,0.901635991820041,6.0
2,20,babble,0.9083844580777096,6.0
3,20,babble,0.9081799591002045,6.0
4,20,babble,0.9010224948875256,6.0
5,20,babble,0.9098159509202454,6.0
6,20,babble,0.9020449897750511,6.0
7,20,babble,0.9077709611451943,6.0
8,20,babble,0.903476482617587,6.0
9,20,babble,0.9024539877300614,6.0
10,20,babble,0.9059304703476483,6.0
11,20,babble,0.9057259713701431,6.0
12,20,babble,0.9061349693251534,6.0
13,20,babble,0.9114519427402863,6.0
14,20,babble,0.9049079754601227,6.0
15,20,babble,0.8985685071574642,6.0
16,20,babble,0.908997955010225,6.0
17,20,babble,0.9063394683026584,6.0
18,20,babble,0.8989775051124744,6.0
19,20,babble,0.9002044989775051,6.0
20,20,babble,0.903476482617587,6.0
21,20,babble,0.9030674846625767,6.0
22,20,babble,0.9032719836400818,6.0
23,20,babble,0.9042944785276074,6.0
24,20,babble,0.9014314928425358,6.0
0,20,babble,0.8703476482617587,3.0
1,20,babble,0.8742331288343558,3.0
2,20,babble,0.8803680981595092,3.0
3,20,babble,0.8820040899795502,3.0
4,20,babble,0.8721881390593047,3.0
5,20,babble,0.8791411042944786,3.0
6,20,babble,0.870961145194274,3.0
7,20,babble,0.8758691206543967,3.0
8,20,babble,0.8721881390593047,3.0
9,20,babble,0.870961145194274,3.0
10,20,babble,0.8820040899795502,3.0
11,20,babble,0.878118609406953,3.0
12,20,babble,0.872597137014315,3.0
13,20,babble,0.8820040899795502,3.0
14,20,babble,0.878323108384458,3.0
15,20,babble,0.8676891615541922,3.0
16,20,babble,0.878323108384458,3.0
17,20,babble,0.8791411042944786,3.0
18,20,babble,0.8754601226993866,3.0
19,20,babble,0.8660531697341514,3.0
20,20,babble,0.8748466257668711,3.0
21,20,babble,0.8740286298568507,3.0
22,20,babble,0.872597137014315,3.0
23,20,babble,0.8756646216768916,3.0
24,20,babble,0.8711656441717791,3.0
0,20,babble,0.8155419222903886,0.0
1,20,babble,0.8267893660531698,0.0
2,20,babble,0.8296523517382413,0.0
3,20,babble,0.8243353783231084,0.0
4,20,babble,0.814519427402863,0.0
5,20,babble,0.8237218813905931,0.0
6,20,babble,0.8179959100204499,0.0
7,20,babble,0.821881390593047,0.0
8,20,babble,0.8208588957055215,0.0
9,20,babble,0.8204498977505112,0.0
10,20,babble,0.8292433537832311,0.0
11,20,babble,0.8239263803680982,0.0
12,20,babble,0.8216768916155419,0.0
13,20,babble,0.8294478527607362,0.0
14,20,babble,0.8271983640081799,0.0
15,20,babble,0.8151329243353783,0.0
16,20,babble,0.8319018404907975,0.0
17,20,babble,0.8300613496932515,0.0
18,20,babble,0.8255623721881391,0.0
19,20,babble,0.8141104294478527,0.0
20,20,babble,0.8239263803680982,0.0
21,20,babble,0.8153374233128834,0.0
22,20,babble,0.8184049079754602,0.0
23,20,babble,0.8253578732106339,0.0
24,20,babble,0.8222903885480572,0.0
0,20,babble,0.7263803680981595,-3.0
1,20,babble,0.743558282208589,-3.0
2,20,babble,0.7458077709611451,-3.0
3,20,babble,0.7413087934560327,-3.0
4,20,babble,0.7259713701431493,-3.0
5,20,babble,0.7445807770961145,-3.0
6,20,babble,0.7302658486707566,-3.0
7,20,babble,0.7368098159509202,-3.0
8,20,babble,0.7374233128834355,-3.0
9,20,babble,0.7386503067484662,-3.0
10,20,babble,0.7361963190184049,-3.0
11,20,babble,0.7366053169734151,-3.0
12,20,babble,0.7380368098159509,-3.0
13,20,babble,0.7319018404907975,-3.0
14,20,babble,0.7366053169734151,-3.0
15,20,babble,0.7298568507157465,-3.0
16,20,babble,0.7443762781186094,-3.0
17,20,babble,0.7384458077709611,-3.0
18,20,babble,0.7382413087934561,-3.0
19,20,babble,0.7284253578732106,-3.0
20,20,babble,0.7378323108384458,-3.0
21,20,babble,0.7261758691206543,-3.0
22,20,babble,0.7296523517382413,-3.0
23,20,babble,0.7427402862985685,-3.0
24,20,babble,0.7300613496932515,-3.0
0,20,kitchen,0.9535787321063395,24.0
1,20,kitchen,0.9531697341513292,24.0
2,20,kitchen,0.9535787321063395,24.0
3,20,kitchen,0.9562372188139059,24.0
4,20,kitchen,0.9529652351738241,24.0
5,20,kitchen,0.9572597137014315,24.0
6,20,kitchen,0.9550102249488752,24.0
7,20,kitchen,0.9552147239263804,24.0
8,20,kitchen,0.9550102249488752,24.0
9,20,kitchen,0.9513292433537832,24.0
10,20,kitchen,0.9535787321063395,24.0
11,20,kitchen,0.9539877300613497,24.0
12,20,kitchen,0.9560327198364008,24.0
13,20,kitchen,0.9521472392638037,24.0
14,20,kitchen,0.9562372188139059,24.0
15,20,kitchen,0.9537832310838446,24.0
16,20,kitchen,0.9548057259713701,24.0
17,20,kitchen,0.9570552147239264,24.0
18,20,kitchen,0.9523517382413088,24.0
19,20,kitchen,0.9505112474437628,24.0
20,20,kitchen,0.9541922290388548,24.0
21,20,kitchen,0.9519427402862985,24.0
22,20,kitchen,0.9535787321063395,24.0
23,20,kitchen,0.950920245398773,24.0
24,20,kitchen,0.9543967280163599,24.0
0,20,kitchen,0.9498977505112475,21.0
1,20,kitchen,0.9507157464212679,21.0
2,20,kitchen,0.9525562372188139,21.0
3,20,kitchen,0.9539877300613497,21.0
4,20,kitchen,0.9498977505112475,21.0
5,20,kitchen,0.9548057259713701,21.0
6,20,kitchen,0.9554192229038855,21.0
7,20,kitchen,0.9529652351738241,21.0
8,20,kitchen,0.9519427402862985,21.0
9,20,kitchen,0.9486707566462168,21.0
10,20,kitchen,0.9521472392638037,21.0
11,20,kitchen,0.9519427402862985,21.0
12,20,kitchen,0.9548057259713701,21.0
13,20,kitchen,0.9484662576687116,21.0
14,20,kitchen,0.9550102249488752,21.0
15,20,kitchen,0.9505112474437628,21.0
16,20,kitchen,0.9533742331288344,21.0
17,20,kitchen,0.9552147239263804,21.0
18,20,kitchen,0.9501022494887525,21.0
19,20,kitchen,0.9480572597137015,21.0
20,20,kitchen,0.9517382413087935,21.0
21,20,kitchen,0.9501022494887525,21.0
22,20,kitchen,0.9519427402862985,21.0
23,20,kitchen,0.9488752556237219,21.0
24,20,kitchen,0.9515337423312883,21.0
0,20,kitchen,0.947239263803681,18.0
1,20,kitchen,0.9482617586912065,18.0
2,20,kitchen,0.949079754601227,18.0
3,20,kitchen,0.9521472392638037,18.0
4,20,kitchen,0.9462167689161555,18.0
5,20,kitchen,0.9519427402862985,18.0
6,20,kitchen,0.9523517382413088,18.0
7,20,kitchen,0.9505112474437628,18.0
8,20,kitchen,0.9488752556237219,18.0
9,20,kitchen,0.9476482617586912,18.0
10,20,kitchen,0.9503067484662576,18.0
11,20,kitchen,0.949079754601227,18.0
12,20,kitchen,0.9535787321063395,18.0
13,20,kitchen,0.9486707566462168,18.0
14,20,kitchen,0.9517382413087935,18.0
15,20,kitchen,0.949079754601227,18.0
16,20,kitchen,0.9511247443762781,18.0
17,20,kitchen,0.9531697341513292,18.0
18,20,kitchen,0.9476482617586912,18.0
19,20,kitchen,0.9462167689161555,18.0
20,20,kitchen,0.9494887525562372,18.0
21,20,kitchen,0.9482617586912065,18.0
22,20,kitchen,0.9498977505112475,18.0
23,20,kitchen,0.9464212678936605,18.0
24,20,kitchen,0.9480572597137015,18.0
0,20,kitchen,0.9439672801635992,15.0
1,20,kitchen,0.945398773006135,15.0
2,20,kitchen,0.9496932515337423,15.0
3,20,kitchen,0.949079754601227,15.0
4,20,kitchen,0.943762781186094,15.0
5,20,kitchen,0.9482617586912065,15.0
6,20,kitchen,0.9478527607361963,15.0
7,20,kitchen,0.9480572597137015,15.0
8,20,kitchen,0.9425357873210634,15.0
9,20,kitchen,0.9445807770961145,15.0
10,20,kitchen,0.9464212678936605,15.0
11,20,kitchen,0.9466257668711656,15.0
12,20,kitchen,0.9488752556237219,15.0
13,20,kitchen,0.9458077709611452,15.0
14,20,kitchen,0.949079754601227,15.0
15,20,kitchen,0.9456032719836401,15.0
16,20,kitchen,0.9478527607361963,15.0
17,20,kitchen,0.9488752556237219,15.0
18,20,kitchen,0.9458077709611452,15.0
19,20,kitchen,0.9425357873210634,15.0
20,20,kitchen,0.9474437627811861,15.0
21,20,kitchen,0.9460122699386503,15.0
22,20,kitchen,0.9476482617586912,15.0
23,20,kitchen,0.9423312883435583,15.0
24,20,kitchen,0.9443762781186094,15.0
0,20,kitchen,0.940081799591002,12.0
1,20,kitchen,0.9396728016359919,12.0
2,20,kitchen,0.9464212678936605,12.0
3,20,kitchen,0.9458077709611452,12.0
4,20,kitchen,0.9392638036809816,12.0
5,20,kitchen,0.943558282208589,12.0
6,20,kitchen,0.9423312883435583,12.0
7,20,kitchen,0.9433537832310839,12.0
8,20,kitchen,0.9394683026584867,12.0
9,20,kitchen,0.9411042944785276,12.0
10,20,kitchen,0.9421267893660532,12.0
11,20,kitchen,0.9421267893660532,12.0
12,20,kitchen,0.9431492842535787,12.0
13,20,kitchen,0.9404907975460123,12.0
14,20,kitchen,0.9433537832310839,12.0
15,20,kitchen,0.943558282208589,12.0
16,20,kitchen,0.9443762781186094,12.0
17,20,kitchen,0.9449897750511247,12.0
18,20,kitchen,0.941717791411043,12.0
19,20,kitchen,0.9378323108384458,12.0
20,20,kitchen,0.9441717791411043,12.0
21,20,kitchen,0.9433537832310839,12.0
22,20,kitchen,0.9443762781186094,12.0
23,20,kitchen,0.9406952965235174,12.0
24,20,kitchen,0.9421267893660532,12.0
0,20,kitchen,0.9339468302658487,9.0
1,20,kitchen,0.9335378323108384,9.0
2,20,kitchen,0.9415132924335379,9.0
3,20,kitchen,0.941922290388548,9.0
4,20,kitchen,0.9349693251533743,9.0
5,20,kitchen,0.9408997955010225,9.0
6,20,kitchen,0.938241308793456,9.0
7,20,kitchen,0.940081799591002,9.0
8,20,kitchen,0.9347648261758691,9.0
9,20,kitchen,0.9376278118609407,9.0
10,20,kitchen,0.938036809815951,9.0
11,20,kitchen,0.940081799591002,9.0
12,20,kitchen,0.9413087934560327,9.0
13,20,kitchen,0.9372188139059304,9.0
14,20,kitchen,0.9402862985685072,9.0
15,20,kitchen,0.9406952965235174,9.0
16,20,kitchen,0.9392638036809816,9.0
17,20,kitchen,0.9402862985685072,9.0
18,20,kitchen,0.9390593047034764,9.0
19,20,kitchen,0.9323108384458078,9.0
20,20,kitchen,0.9394683026584867,9.0
21,20,kitchen,0.939877300613497,9.0
22,20,kitchen,0.9378323108384458,9.0
23,20,kitchen,0.9349693251533743,9.0
24,20,kitchen,0.9359918200408998,9.0
0,20,kitchen,0.9280163599182004,6.0
1,20,kitchen,0.930879345603272,6.0
2,20,kitchen,0.9341513292433538,6.0
3,20,kitchen,0.9339468302658487,6.0
4,20,kitchen,0.9269938650306748,6.0
5,20,kitchen,0.9329243353783231,6.0
6,20,kitchen,0.929038854805726,6.0
7,20,kitchen,0.9333333333333333,6.0
8,20,kitchen,0.9282208588957055,6.0
9,20,kitchen,0.9331288343558283,6.0
10,20,kitchen,0.9335378323108384,6.0
11,20,kitchen,0.9337423312883436,6.0
12,20,kitchen,0.9339468302658487,6.0
13,20,kitchen,0.9302658486707567,6.0
14,20,kitchen,0.9331288343558283,6.0
15,20,kitchen,0.9343558282208589,6.0
16,20,kitchen,0.9312883435582822,6.0
17,20,kitchen,0.9355828220858896,6.0
18,20,kitchen,0.9325153374233128,6.0
19,20,kitchen,0.9261758691206544,6.0
20,20,kitchen,0.9343558282208589,6.0
21,20,kitchen,0.9337423312883436,6.0
22,20,kitchen,0.9296523517382413,6.0
23,20,kitchen,0.9257668711656442,6.0
24,20,kitchen,0.9300613496932515,6.0
0,20,kitchen,0.918200408997955,3.0
1,20,kitchen,0.9243353783231084,3.0
2,20,kitchen,0.9276073619631902,3.0
3,20,kitchen,0.92719836400818,3.0
4,20,kitchen,0.9214723926380368,3.0
5,20,kitchen,0.9259713701431492,3.0
6,20,kitchen,0.9224948875255624,3.0
7,20,kitchen,0.9280163599182004,3.0
8,20,kitchen,0.9208588957055215,3.0
9,20,kitchen,0.92719836400818,3.0
10,20,kitchen,0.9259713701431492,3.0
11,20,kitchen,0.9255623721881391,3.0
12,20,kitchen,0.9269938650306748,3.0
13,20,kitchen,0.9251533742331288,3.0
14,20,kitchen,0.9267893660531697,3.0
15,20,kitchen,0.9265848670756647,3.0
16,20,kitchen,0.9226993865030675,3.0
17,20,kitchen,0.9265848670756647,3.0
18,20,kitchen,0.9231083844580777,3.0
19,20,kitchen,0.9222903885480572,3.0
20,20,kitchen,0.9237218813905931,3.0
21,20,kitchen,0.9247443762781186,3.0
22,20,kitchen,0.9216768916155419,3.0
23,20,kitchen,0.9179959100204499,3.0
24,20,kitchen,0.9194274028629856,3.0
0,20,kitchen,0.9098159509202454,0.0
1,20,kitchen,0.9118609406952966,0.0
2,20,kitchen,0.9188139059304703,0.0
3,20,kitchen,0.9184049079754601,0.0
4,20,kitchen,0.90920245398773,0.0
5,20,kitchen,0.9175869120654396,0.0
6,20,kitchen,0.9124744376278119,0.0
7,20,kitchen,0.9190184049079755,0.0
8,20,kitchen,0.914519427402863,0.0
9,20,kitchen,0.9155419222903886,0.0
10,20,kitchen,0.9147239263803681,0.0
11,20,kitchen,0.9202453987730062,0.0
12,20,kitchen,0.9177914110429448,0.0
13,20,kitchen,0.9143149284253579,0.0
14,20,kitchen,0.9198364008179959,0.0
15,20,kitchen,0.9159509202453988,0.0
16,20,kitchen,0.9177914110429448,0.0
17,20,kitchen,0.9165644171779141,0.0
18,20,kitchen,0.9098159509202454,0.0
19,20,kitchen,0.9118609406952966,0.0
20,20,kitchen,0.912678936605317,0.0
21,20,kitchen,0.9155419222903886,0.0
22,20,kitchen,0.911042944785276,0.0
23,20,kitchen,0.9096114519427403,0.0
24,20,kitchen,0.9079754601226994,0.0
0,20,kitchen,0.8969325153374234,-3.0
1,20,kitchen,0.8975460122699387,-3.0
2,20,kitchen,0.901635991820041,-3.0
3,20,kitchen,0.9065439672801636,-3.0
4,20,kitchen,0.9008179959100204,-3.0
5,20,kitchen,0.9059304703476483,-3.0
6,20,kitchen,0.9006134969325154,-3.0
7,20,kitchen,0.903680981595092,-3.0
8,20,kitchen,0.905316973415133,-3.0
9,20,kitchen,0.9067484662576687,-3.0
10,20,kitchen,0.9038854805725971,-3.0
11,20,kitchen,0.9065439672801636,-3.0
12,20,kitchen,0.9081799591002045,-3.0
13,20,kitchen,0.9028629856850716,-3.0
14,20,kitchen,0.9112474437627812,-3.0
15,20,kitchen,0.908997955010225,-3.0
16,20,kitchen,0.9040899795501023,-3.0
17,20,kitchen,0.9067484662576687,-3.0
18,20,kitchen,0.896319018404908,-3.0
19,20,kitchen,0.9004089979550102,-3.0
20,20,kitchen,0.8987730061349694,-3.0
21,20,kitchen,0.8995910020449898,-3.0
22,20,kitchen,0.8973415132924335,-3.0
23,20,kitchen,0.8995910020449898,-3.0
24,20,kitchen,0.8905930470347648,-3.0
0,20,office,0.9588957055214724,24.0
1,20,office,0.9591002044989775,24.0
2,20,office,0.9609406952965235,24.0
3,20,office,0.9629856850715747,24.0
4,20,office,0.9591002044989775,24.0
5,20,office,0.9603271983640081,24.0
6,20,office,0.9574642126789366,24.0
7,20,office,0.9582822085889571,24.0
8,20,office,0.9595092024539877,24.0
9,20,office,0.9564417177914111,24.0
10,20,office,0.9576687116564417,24.0
11,20,office,0.9595092024539877,24.0
12,20,office,0.9631901840490797,24.0
13,20,office,0.9584867075664621,24.0
14,20,office,0.9607361963190184,24.0
15,20,office,0.9584867075664621,24.0
16,20,office,0.9593047034764827,24.0
17,20,office,0.9613496932515337,24.0
18,20,office,0.9552147239263804,24.0
19,20,office,0.9586912065439673,24.0
20,20,office,0.9558282208588957,24.0
21,20,office,0.9570552147239264,24.0
22,20,office,0.9595092024539877,24.0
23,20,office,0.9560327198364008,24.0
24,20,office,0.9597137014314928,24.0
0,20,office,0.9562372188139059,21.0
1,20,office,0.9588957055214724,21.0
2,20,office,0.959918200408998,21.0
3,20,office,0.9619631901840491,21.0
4,20,office,0.9584867075664621,21.0
5,20,office,0.9597137014314928,21.0
6,20,office,0.9564417177914111,21.0
7,20,office,0.9582822085889571,21.0
8,20,office,0.9564417177914111,21.0
9,20,office,0.9562372188139059,21.0
10,20,office,0.9560327198364008,21.0
11,20,office,0.9588957055214724,21.0
12,20,office,0.9625766871165644,21.0
13,20,office,0.9572597137014315,21.0
14,20,office,0.9586912065439673,21.0
15,20,office,0.9578732106339468,21.0
16,20,office,0.9586912065439673,21.0
17,20,office,0.9588957055214724,21.0
18,20,office,0.9539877300613497,21.0
19,20,office,0.9586912065439673,21.0
20,20,office,0.9546012269938651,21.0
21,20,office,0.9560327198364008,21.0
22,20,office,0.9582822085889571,21.0
23,20,office,0.9564417177914111,21.0
24,20,office,0.9588957055214724,21.0
0,20,office,0.9556237218813906,18.0
1,20,office,0.9574642126789366,18.0
2,20,office,0.9580777096114519,18.0
3,20,office,0.9605316973415133,18.0
4,20,office,0.9574642126789366,18.0
5,20,office,0.9584867075664621,18.0
6,20,office,0.9558282208588957,18.0
7,20,office,0.9584867075664621,18.0
8,20,office,0.9552147239263804,18.0
9,20,office,0.9562372188139059,18.0
10,20,office,0.9558282208588957,18.0
11,20,office,0.9586912065439673,18.0
12,20,office,0.9597137014314928,18.0
13,20,office,0.9548057259713701,18.0
14,20,office,0.9584867075664621,18.0
15,20,office,0.9576687116564417,18.0
16,20,office,0.9584867075664621,18.0
17,20,office,0.9582822085889571,18.0
18,20,office,0.9523517382413088,18.0
19,20,office,0.9576687116564417,18.0
20,20,office,0.9533742331288344,18.0
21,20,office,0.9560327198364008,18.0
22,20,office,0.9558282208588957,18.0
23,20,office,0.9558282208588957,18.0
24,20,office,0.9574642126789366,18.0
0,20,office,0.9546012269938651,15.0
1,20,office,0.9556237218813906,15.0
2,20,office,0.9576687116564417,15.0
3,20,office,0.9593047034764827,15.0
4,20,office,0.9533742331288344,15.0
5,20,office,0.9574642126789366,15.0
6,20,office,0.9554192229038855,15.0
7,20,office,0.9576687116564417,15.0
8,20,office,0.9521472392638037,15.0
9,20,office,0.9560327198364008,15.0
10,20,office,0.9537832310838446,15.0
11,20,office,0.9584867075664621,15.0
12,20,office,0.9584867075664621,15.0
13,20,office,0.9527607361963191,15.0
14,20,office,0.9570552147239264,15.0
15,20,office,0.9562372188139059,15.0
16,20,office,0.9580777096114519,15.0
17,20,office,0.9574642126789366,15.0
18,20,office,0.950920245398773,15.0
19,20,office,0.9556237218813906,15.0
20,20,office,0.9529652351738241,15.0
21,20,office,0.9556237218813906,15.0
22,20,office,0.9539877300613497,15.0
23,20,office,0.9550102249488752,15.0
24,20,office,0.9548057259713701,15.0
0,20,office,0.9541922290388548,12.0
1,20,office,0.9548057259713701,12.0
2,20,office,0.9564417177914111,12.0
3,20,office,0.9576687116564417,12.0
4,20,office,0.9505112474437628,12.0
5,20,office,0.9550102249488752,12.0
6,20,office,0.9550102249488752,12.0
7,20,office,0.9554192229038855,12.0
8,20,office,0.9498977505112475,12.0
9,20,office,0.9537832310838446,12.0
10,20,office,0.9511247443762781,12.0
11,20,office,0.9548057259713701,12.0
12,20,office,0.9576687116564417,12.0
13,20,office,0.9513292433537832,12.0
14,20,office,0.9554192229038855,12.0
15,20,office,0.9566462167689161,12.0
16,20,office,0.9560327198364008,12.0
17,20,office,0.9560327198364008,12.0
18,20,office,0.9482617586912065,12.0
19,20,office,0.9517382413087935,12.0
20,20,office,0.9521472392638037,12.0
21,20,office,0.9537832310838446,12.0
22,20,office,0.950920245398773,12.0
23,20,office,0.9517382413087935,12.0
24,20,office,0.9546012269938651,12.0
0,20,office,0.9503067484662576,9.0
1,20,office,0.9511247443762781,9.0
2,20,office,0.9527607361963191,9.0
3,20,office,0.9564417177914111,9.0
4,20,office,0.9484662576687116,9.0
5,20,office,0.9517382413087935,9.0
6,20,office,0.9537832310838446,9.0
7,20,office,0.9507157464212679,9.0
8,20,office,0.9482617586912065,9.0
9,20,office,0.9521472392638037,9.0
10,20,office,0.9503067484662576,9.0
11,20,office,0.9541922290388548,9.0
12,20,office,0.9558282208588957,9.0
13,20,office,0.9494887525562372,9.0
14,20,office,0.9525562372188139,9.0
15,20,office,0.9527607361963191,9.0
16,20,office,0.9537832310838446,9.0
17,20,office,0.9533742331288344,9.0
18,20,office,0.9466257668711656,9.0
19,20,office,0.9486707566462168,9.0
20,20,office,0.9486707566462168,9.0
21,20,office,0.9515337423312883,9.0
22,20,office,0.9480572597137015,9.0
23,20,office,0.947239263803681,9.0
24,20,office,0.9492842535787321,9.0
0,20,office,0.9462167689161555,6.0
1,20,office,0.9488752556237219,6.0
2,20,office,0.9484662576687116,6.0
3,20,office,0.9523517382413088,6.0
4,20,office,0.9433537832310839,6.0
5,20,office,0.9480572597137015,6.0
6,20,office,0.9501022494887525,6.0
7,20,office,0.9474437627811861,6.0
8,20,office,0.9456032719836401,6.0
9,20,office,0.9476482617586912,6.0
10,20,office,0.9468302658486708,6.0
11,20,office,0.9505112474437628,6.0
12,20,office,0.9517382413087935,6.0
13,20,office,0.9466257668711656,6.0
14,20,office,0.9476482617586912,6.0
15,20,office,0.9482617586912065,6.0
16,20,office,0.949079754601227,6.0
17,20,office,0.9501022494887525,6.0
18,20,office,0.9445807770961145,6.0
19,20,office,0.943558282208589,6.0
20,20,office,0.9443762781186094,6.0
21,20,office,0.9494887525562372,6.0
22,20,office,0.945398773006135,6.0
23,20,office,0.9445807770961145,6.0
24,20,office,0.9482617586912065,6.0
0,20,office,0.9376278118609407,3.0
1,20,office,0.941717791411043,3.0
2,20,office,0.9433537832310839,3.0
3,20,office,0.9449897750511247,3.0
4,20,office,0.9406952965235174,3.0
5,20,office,0.9439672801635992,3.0
6,20,office,0.9466257668711656,3.0
7,20,office,0.9425357873210634,3.0
8,20,office,0.9413087934560327,3.0
9,20,office,0.941922290388548,3.0
10,20,office,0.9447852760736196,3.0
11,20,office,0.9476482617586912,3.0
12,20,office,0.9478527607361963,3.0
13,20,office,0.941717791411043,3.0
14,20,office,0.9427402862985685,3.0
15,20,office,0.9443762781186094,3.0
16,20,office,0.9441717791411043,3.0
17,20,office,0.9447852760736196,3.0
18,20,office,0.939877300613497,3.0
19,20,office,0.9386503067484663,3.0
20,20,office,0.9406952965235174,3.0
21,20,office,0.9447852760736196,3.0
22,20,office,0.940081799591002,3.0
23,20,office,0.9423312883435583,3.0
24,20,office,0.9431492842535787,3.0
0,20,office,0.9329243353783231,0.0
1,20,office,0.9359918200408998,0.0
2,20,office,0.9378323108384458,0.0
3,20,office,0.940081799591002,0.0
4,20,office,0.9331288343558283,0.0
5,20,office,0.938036809815951,0.0
6,20,office,0.938241308793456,0.0
7,20,office,0.9384458077709611,0.0
8,20,office,0.9386503067484663,0.0
9,20,office,0.934560327198364,0.0
10,20,office,0.9402862985685072,0.0
11,20,office,0.9390593047034764,0.0
12,20,office,0.9406952965235174,0.0
13,20,office,0.9361963190184049,0.0
14,20,office,0.939877300613497,0.0
15,20,office,0.9351738241308793,0.0
16,20,office,0.938036809815951,0.0
17,20,office,0.9384458077709611,0.0
18,20,office,0.9339468302658487,0.0
19,20,office,0.9337423312883436,0.0
20,20,office,0.93640081799591,0.0
21,20,office,0.9439672801635992,0.0
22,20,office,0.9341513292433538,0.0
23,20,office,0.93640081799591,0.0
24,20,office,0.9384458077709611,0.0
0,20,office,0.9261758691206544,-3.0
1,20,office,0.9319018404907975,-3.0
2,20,office,0.9306748466257668,-3.0
3,20,office,0.9341513292433538,-3.0
4,20,office,0.9265848670756647,-3.0
5,20,office,0.9310838445807771,-3.0
6,20,office,0.9298568507157464,-3.0
7,20,office,0.9312883435582822,-3.0
8,20,office,0.9335378323108384,-3.0
9,20,office,0.929038854805726,-3.0
10,20,office,0.9325153374233128,-3.0
11,20,office,0.9353783231083844,-3.0
12,20,office,0.9329243353783231,-3.0
13,20,office,0.9298568507157464,-3.0
14,20,office,0.9349693251533743,-3.0
15,20,office,0.9280163599182004,-3.0
16,20,office,0.9312883435582822,-3.0
17,20,office,0.9331288343558283,-3.0
18,20,office,0.9276073619631902,-3.0
19,20,office,0.9249488752556237,-3.0
20,20,office,0.9333333333333333,-3.0
21,20,office,0.938036809815951,-3.0
22,20,office,0.9259713701431492,-3.0
23,20,office,0.9296523517382413,-3.0
24,20,office,0.9347648261758691,-3.0
0,20,living,0.9564417177914111,24.0
1,20,living,0.9560327198364008,24.0
2,20,living,0.959918200408998,24.0
3,20,living,0.9584867075664621,24.0
4,20,living,0.9554192229038855,24.0
5,20,living,0.9609406952965235,24.0
6,20,living,0.9552147239263804,24.0
7,20,living,0.9588957055214724,24.0
8,20,living,0.9566462167689161,24.0
9,20,living,0.9566462167689161,24.0
10,20,living,0.9576687116564417,24.0
11,20,living,0.9603271983640081,24.0
12,20,living,0.9603271983640081,24.0
13,20,living,0.9564417177914111,24.0
14,20,living,0.9580777096114519,24.0
15,20,living,0.9572597137014315,24.0
16,20,living,0.9593047034764827,24.0
17,20,living,0.9597137014314928,24.0
18,20,living,0.9537832310838446,24.0
19,20,living,0.9546012269938651,24.0
20,20,living,0.9550102249488752,24.0
21,20,living,0.9580777096114519,24.0
22,20,living,0.9586912065439673,24.0
23,20,living,0.9523517382413088,24.0
24,20,living,0.9562372188139059,24.0
0,20,living,0.9562372188139059,21.0
1,20,living,0.9550102249488752,21.0
2,20,living,0.9584867075664621,21.0
3,20,living,0.9558282208588957,21.0
4,20,living,0.9527607361963191,21.0
5,20,living,0.9578732106339468,21.0
6,20,living,0.9517382413087935,21.0
7,20,living,0.9558282208588957,21.0
8,20,living,0.9541922290388548,21.0
9,20,living,0.9574642126789366,21.0
10,20,living,0.9578732106339468,21.0
11,20,living,0.9588957055214724,21.0
12,20,living,0.9578732106339468,21.0
13,20,living,0.9550102249488752,21.0
14,20,living,0.9572597137014315,21.0
15,20,living,0.9552147239263804,21.0
16,20,living,0.9564417177914111,21.0
17,20,living,0.9568507157464212,21.0
18,20,living,0.9531697341513292,21.0
19,20,living,0.9548057259713701,21.0
20,20,living,0.9548057259713701,21.0
21,20,living,0.9574642126789366,21.0
22,20,living,0.9566462167689161,21.0
23,20,living,0.9523517382413088,21.0
24,20,living,0.9548057259713701,21.0
0,20,living,0.9543967280163599,18.0
1,20,living,0.9531697341513292,18.0
2,20,living,0.9556237218813906,18.0
3,20,living,0.9537832310838446,18.0
4,20,living,0.9511247443762781,18.0
5,20,living,0.9552147239263804,18.0
6,20,living,0.950920245398773,18.0
7,20,living,0.9527607361963191,18.0
8,20,living,0.9511247443762781,18.0
9,20,living,0.9546012269938651,18.0
10,20,living,0.9558282208588957,18.0
11,20,living,0.9560327198364008,18.0
12,20,living,0.9554192229038855,18.0
13,20,living,0.9531697341513292,18.0
14,20,living,0.9537832310838446,18.0
15,20,living,0.9521472392638037,18.0
16,20,living,0.9548057259713701,18.0
17,20,living,0.9548057259713701,18.0
18,20,living,0.9511247443762781,18.0
19,20,living,0.9525562372188139,18.0
20,20,living,0.9521472392638037,18.0
21,20,living,0.9533742331288344,18.0
22,20,living,0.9535787321063395,18.0
23,20,living,0.9511247443762781,18.0
24,20,living,0.9548057259713701,18.0
0,20,living,0.9521472392638037,15.0
1,20,living,0.9486707566462168,15.0
2,20,living,0.9535787321063395,15.0
3,20,living,0.9517382413087935,15.0
4,20,living,0.9482617586912065,15.0
5,20,living,0.9511247443762781,15.0
6,20,living,0.9488752556237219,15.0
7,20,living,0.9507157464212679,15.0
8,20,living,0.9513292433537832,15.0
9,20,living,0.950920245398773,15.0
10,20,living,0.9503067484662576,15.0
11,20,living,0.9519427402862985,15.0
12,20,living,0.9515337423312883,15.0
13,20,living,0.9519427402862985,15.0
14,20,living,0.9486707566462168,15.0
15,20,living,0.9505112474437628,15.0
16,20,living,0.9527607361963191,15.0
17,20,living,0.9543967280163599,15.0
18,20,living,0.9498977505112475,15.0
19,20,living,0.9478527607361963,15.0
20,20,living,0.9488752556237219,15.0
21,20,living,0.9511247443762781,15.0
22,20,living,0.9503067484662576,15.0
23,20,living,0.9470347648261759,15.0
24,20,living,0.9527607361963191,15.0
0,20,living,0.9443762781186094,12.0
1,20,living,0.9445807770961145,12.0
2,20,living,0.9488752556237219,12.0
3,20,living,0.9441717791411043,12.0
4,20,living,0.9429447852760736,12.0
5,20,living,0.947239263803681,12.0
6,20,living,0.9443762781186094,12.0
7,20,living,0.9451942740286299,12.0
8,20,living,0.945398773006135,12.0
9,20,living,0.947239263803681,12.0
10,20,living,0.9456032719836401,12.0
11,20,living,0.9494887525562372,12.0
12,20,living,0.945398773006135,12.0
13,20,living,0.9482617586912065,12.0
14,20,living,0.9445807770961145,12.0
15,20,living,0.9451942740286299,12.0
16,20,living,0.9468302658486708,12.0
17,20,living,0.9507157464212679,12.0
18,20,living,0.9456032719836401,12.0
19,20,living,0.943762781186094,12.0
20,20,living,0.9449897750511247,12.0
21,20,living,0.9482617586912065,12.0
22,20,living,0.9468302658486708,12.0
23,20,living,0.9441717791411043,12.0
24,20,living,0.947239263803681,12.0
0,20,living,0.9402862985685072,9.0
1,20,living,0.9411042944785276,9.0
2,20,living,0.9427402862985685,9.0
3,20,living,0.9396728016359919,9.0
4,20,living,0.939877300613497,9.0
5,20,living,0.9421267893660532,9.0
6,20,living,0.9366053169734151,9.0
7,20,living,0.9402862985685072,9.0
8,20,living,0.9421267893660532,9.0
9,20,living,0.9411042944785276,9.0
10,20,living,0.9406952965235174,9.0
11,20,living,0.9439672801635992,9.0
12,20,living,0.9415132924335379,9.0
13,20,living,0.9427402862985685,9.0
14,20,living,0.938241308793456,9.0
15,20,living,0.9370143149284254,9.0
16,20,living,0.9411042944785276,9.0
17,20,living,0.9447852760736196,9.0
18,20,living,0.941717791411043,9.0
19,20,living,0.9374233128834356,9.0
20,20,living,0.9378323108384458,9.0
21,20,living,0.9413087934560327,9.0
22,20,living,0.9411042944785276,9.0
23,20,living,0.9392638036809816,9.0
24,20,living,0.941922290388548,9.0
0,20,living,0.9316973415132924,6.0
1,20,living,0.9333333333333333,6.0
2,20,living,0.9323108384458078,6.0
3,20,living,0.9312883435582822,6.0
4,20,living,0.9304703476482618,6.0
5,20,living,0.9341513292433538,6.0
6,20,living,0.9298568507157464,6.0
7,20,living,0.9333333333333333,6.0
8,20,living,0.9347648261758691,6.0
9,20,living,0.9286298568507158,6.0
10,20,living,0.9312883435582822,6.0
11,20,living,0.9353783231083844,6.0
12,20,living,0.9343558282208589,6.0
13,20,living,0.9331288343558283,6.0
14,20,living,0.9321063394683027,6.0
15,20,living,0.9280163599182004,6.0
16,20,living,0.9329243353783231,6.0
17,20,living,0.93640081799591,6.0
18,20,living,0.9314928425357873,6.0
19,20,living,0.9300613496932515,6.0
20,20,living,0.9316973415132924,6.0
21,20,living,0.9329243353783231,6.0
22,20,living,0.9321063394683027,6.0
23,20,living,0.9335378323108384,6.0
24,20,living,0.9316973415132924,6.0
0,20,living,0.918200408997955,3.0
1,20,living,0.9210633946830266,3.0
2,20,living,0.918200408997955,3.0
3,20,living,0.9222903885480572,3.0
4,20,living,0.9224948875255624,3.0
5,20,living,0.9226993865030675,3.0
6,20,living,0.916359918200409,3.0
7,20,living,0.9257668711656442,3.0
8,20,living,0.9245398773006135,3.0
9,20,living,0.9157464212678936,3.0
10,20,living,0.9206543967280164,3.0
11,20,living,0.9210633946830266,3.0
12,20,living,0.9210633946830266,3.0
13,20,living,0.9233128834355828,3.0
14,20,living,0.9179959100204499,3.0
15,20,living,0.9165644171779141,3.0
16,20,living,0.9226993865030675,3.0
17,20,living,0.9257668711656442,3.0
18,20,living,0.9186094069529652,3.0
19,20,living,0.9200408997955011,3.0
20,20,living,0.9229038854805726,3.0
21,20,living,0.9188139059304703,3.0
22,20,living,0.9224948875255624,3.0
23,20,living,0.9233128834355828,3.0
24,20,living,0.9194274028629856,3.0
0,20,living,0.8965235173824131,0.0
1,20,living,0.9020449897750511,0.0
2,20,living,0.9004089979550102,0.0
3,20,living,0.9075664621676892,0.0
4,20,living,0.9063394683026584,0.0
5,20,living,0.9057259713701431,0.0
6,20,living,0.8969325153374234,0.0
7,20,living,0.9075664621676892,0.0
8,20,living,0.9075664621676892,0.0
9,20,living,0.8985685071574642,0.0
10,20,living,0.9049079754601227,0.0
11,20,living,0.9100204498977505,0.0
12,20,living,0.9087934560327199,0.0
13,20,living,0.9081799591002045,0.0
14,20,living,0.905316973415133,0.0
15,20,living,0.905316973415133,0.0
16,20,living,0.9049079754601227,0.0
17,20,living,0.907361963190184,0.0
18,20,living,0.9006134969325154,0.0
19,20,living,0.9,0.0
20,20,living,0.9059304703476483,0.0
21,20,living,0.9065439672801636,0.0
22,20,living,0.9042944785276074,0.0
23,20,living,0.9065439672801636,0.0
24,20,living,0.9002044989775051,0.0
0,20,living,0.8652351738241308,-3.0
1,20,living,0.872597137014315,-3.0
2,20,living,0.8683026584867075,-3.0
3,20,living,0.881799591002045,-3.0
4,20,living,0.8809815950920246,-3.0
5,20,living,0.8813905930470347,-3.0
6,20,living,0.8687116564417178,-3.0
7,20,living,0.8840490797546012,-3.0
8,20,living,0.8797546012269939,-3.0
9,20,living,0.8658486707566462,-3.0
10,20,living,0.8750511247443763,-3.0
11,20,living,0.8824130879345603,-3.0
12,20,living,0.878118609406953,-3.0
13,20,living,0.8850715746421268,-3.0
14,20,living,0.881799591002045,-3.0
15,20,living,0.8768916155419223,-3.0
16,20,living,0.8752556237218814,-3.0
17,20,living,0.8828220858895706,-3.0
18,20,living,0.8811860940695296,-3.0
19,20,living,0.8662576687116564,-3.0
20,20,living,0.8830265848670756,-3.0
21,20,living,0.879959100204499,-3.0
22,20,living,0.8805725971370143,-3.0
23,20,living,0.8775051124744376,-3.0
24,20,living,0.8652351738241308,-3.0
0,40,white,0.9474437627811861,24.0
1,40,white,0.9456032719836401,24.0
2,40,white,0.9480572597137015,24.0
3,40,white,0.9478527607361963,24.0
4,40,white,0.9476482617586912,24.0
5,40,white,0.9515337423312883,24.0
6,40,white,0.9466257668711656,24.0
7,40,white,0.9480572597137015,24.0
8,40,white,0.9451942740286299,24.0
9,40,white,0.9476482617586912,24.0
10,40,white,0.9460122699386503,24.0
11,40,white,0.9482617586912065,24.0
12,40,white,0.9535787321063395,24.0
13,40,white,0.9513292433537832,24.0
14,40,white,0.9474437627811861,24.0
15,40,white,0.9466257668711656,24.0
16,40,white,0.9478527607361963,24.0
17,40,white,0.9476482617586912,24.0
18,40,white,0.9447852760736196,24.0
19,40,white,0.9464212678936605,24.0
20,40,white,0.9470347648261759,24.0
21,40,white,0.9456032719836401,24.0
22,40,white,0.9474437627811861,24.0
23,40,white,0.9541922290388548,24.0
24,40,white,0.9460122699386503,24.0
0,40,white,0.9447852760736196,21.0
1,40,white,0.9390593047034764,21.0
2,40,white,0.9427402862985685,21.0
3,40,white,0.945398773006135,21.0
4,40,white,0.9443762781186094,21.0
5,40,white,0.9443762781186094,21.0
6,40,white,0.9443762781186094,21.0
7,40,white,0.943558282208589,21.0
8,40,white,0.9408997955010225,21.0
9,40,white,0.9474437627811861,21.0
10,40,white,0.941717791411043,21.0
11,40,white,0.9421267893660532,21.0
12,40,white,0.9474437627811861,21.0
13,40,white,0.9458077709611452,21.0
14,40,white,0.9411042944785276,21.0
15,40,white,0.9433537832310839,21.0
16,40,white,0.9421267893660532,21.0
17,40,white,0.9443762781186094,21.0
18,40,white,0.9415132924335379,21.0
19,40,white,0.943762781186094,21.0
20,40,white,0.9402862985685072,21.0
21,40,white,0.943762781186094,21.0
22,40,white,0.9456032719836401,21.0
23,40,white,0.9460122699386503,21.0
24,40,white,0.9433537832310839,21.0
0,40,white,0.9376278118609407,18.0
1,40,white,0.9384458077709611,18.0
2,40,white,0.9372188139059304,18.0
3,40,white,0.943762781186094,18.0
4,40,white,0.9392638036809816,18.0
5,40,white,0.940081799591002,18.0
6,40,white,0.938036809815951,18.0
7,40,white,0.9349693251533743,18.0
8,40,white,0.9329243353783231,18.0
9,40,white,0.9423312883435583,18.0
10,40,white,0.9361963190184049,18.0
11,40,white,0.9355828220858896,18.0
12,40,white,0.941717791411043,18.0
13,40,white,0.9421267893660532,18.0
14,40,white,0.9372188139059304,18.0
15,40,white,0.9374233128834356,18.0
16,40,white,0.9388548057259714,18.0
17,40,white,0.9425357873210634,18.0
18,40,white,0.9370143149284254,18.0
19,40,white,0.9359918200408998,18.0
20,40,white,0.9359918200408998,18.0
21,40,white,0.9396728016359919,18.0
22,40,white,0.9366053169734151,18.0
23,40,white,0.9404907975460123,18.0
24,40,white,0.9366053169734151,18.0
0,40,white,0.9304703476482618,15.0
1,40,white,0.9292433537832311,15.0
2,40,white,0.9310838445807771,15.0
3,40,white,0.9366053169734151,15.0
4,40,white,0.932719836400818,15.0
5,40,white,0.9366053169734151,15.0
6,40,white,0.9325153374233128,15.0
7,40,white,0.9337423312883436,15.0
8,40,white,0.9286298568507158,15.0
9,40,white,0.9333333333333333,15.0
10,40,white,0.9292433537832311,15.0
11,40,white,0.9296523517382413,15.0
12,40,white,0.9319018404907975,15.0
13,40,white,0.9329243353783231,15.0
14,40,white,0.9319018404907975,15.0
15,40,white,0.9321063394683027,15.0
16,40,white,0.9298568507157464,15.0
17,40,white,0.9321063394683027,15.0
18,40,white,0.9284253578732107,15.0
19,40,white,0.930879345603272,15.0
20,40,white,0.9294478527607362,15.0
21,40,white,0.9302658486707567,15.0
22,40,white,0.932719836400818,15.0
23,40,white,0.9353783231083844,15.0
24,40,white,0.9280163599182004,15.0
0,40,white,0.9190184049079755,12.0
1,40,white,0.9177914110429448,12.0
2,40,white,0.9220858895705522,12.0
3,40,white,0.9249488752556237,12.0
4,40,white,0.9224948875255624,12.0
5,40,white,0.9202453987730062,12.0
6,40,white,0.9226993865030675,12.0
7,40,white,0.9198364008179959,12.0
8,40,white,0.9165644171779141,12.0
9,40,white,0.9267893660531697,12.0
10,40,white,0.9198364008179959,12.0
11,40,white,0.9190184049079755,12.0
12,40,white,0.9241308793456032,12.0
13,40,white,0.9251533742331288,12.0
14,40,white,0.9216768916155419,12.0
15,40,white,0.9241308793456032,12.0
16,40,white,0.9212678936605317,12.0
17,40,white,0.9247443762781186,12.0
18,40,white,0.9220858895705522,12.0
19,40,white,0.9218813905930471,12.0
20,40,white,0.9179959100204499,12.0
21,40,white,0.9206543967280164,12.0
22,40,white,0.9235173824130879,12.0
23,40,white,0.9224948875255624,12.0
24,40,white,0.9226993865030675,12.0
0,40,white,0.9083844580777096,9.0
1,40,white,0.9077709611451943,9.0
2,40,white,0.9104294478527607,9.0
3,40,white,0.9151329243353783,9.0
4,40,white,0.914519427402863,9.0
5,40,white,0.9087934560327199,9.0
6,40,white,0.9085889570552147,9.0
7,40,white,0.9083844580777096,9.0
8,40,white,0.9087934560327199,9.0
9,40,white,0.9134969325153375,9.0
10,40,white,0.9069529652351738,9.0
11,40,white,0.9122699386503067,9.0
12,40,white,0.9141104294478528,9.0
13,40,white,0.9153374233128835,9.0
14,40,white,0.9087934560327199,9.0
15,40,white,0.9134969325153375,9.0
16,40,white,0.9087934560327199,9.0
17,40,white,0.9116564417177914,9.0
18,40,white,0.9096114519427403,9.0
19,40,white,0.9098159509202454,9.0
20,40,white,0.9124744376278119,9.0
21,40,white,0.9102249488752556,9.0
22,40,white,0.907157464212679,9.0
23,40,white,0.9143149284253579,9.0
24,40,white,0.9061349693251534,9.0
0,40,white,0.8936605316973415,6.0
1,40,white,0.8893660531697342,6.0
2,40,white,0.8957055214723927,6.0
3,40,white,0.8973415132924335,6.0
4,40,white,0.8991820040899795,6.0
5,40,white,0.8891615541922291,6.0
6,40,white,0.8987730061349694,6.0
7,40,white,0.8950920245398774,6.0
8,40,white,0.8950920245398774,6.0
9,40,white,0.894478527607362,6.0
10,40,white,0.903680981595092,6.0
11,40,white,0.8965235173824131,6.0
12,40,white,0.8991820040899795,6.0
13,40,white,0.9008179959100204,6.0
14,40,white,0.8987730061349694,6.0
15,40,white,0.8950920245398774,6.0
16,40,white,0.8950920245398774,6.0
17,40,white,0.8995910020449898,6.0
18,40,white,0.8969325153374234,6.0
19,40,white,0.8924335378323108,6.0
20,40,white,0.9026584867075664,6.0
21,40,white,0.8955010224948875,6.0
22,40,white,0.8973415132924335,6.0
23,40,white,0.9008179959100204,6.0
24,40,white,0.8975460122699387,6.0
0,40,white,0.8734151329243354,3.0
1,40,white,0.8721881390593047,3.0
2,40,white,0.874642126789366,3.0
3,40,white,0.8805725971370143,3.0
4,40,white,0.8809815950920246,3.0
5,40,white,0.8717791411042944,3.0
6,40,white,0.8732106339468303,3.0
7,40,white,0.874642126789366,3.0
8,40,white,0.8742331288343558,3.0
9,40,white,0.8777096114519427,3.0
10,40,white,0.8791411042944786,3.0
11,40,white,0.8734151329243354,3.0
12,40,white,0.878323108384458,3.0
13,40,white,0.8809815950920246,3.0
14,40,white,0.8803680981595092,3.0
15,40,white,0.8766871165644172,3.0
16,40,white,0.870961145194274,3.0
17,40,white,0.8758691206543967,3.0
18,40,white,0.8809815950920246,3.0
19,40,white,0.8775051124744376,3.0
20,40,white,0.879959100204499,3.0
21,40,white,0.8779141104294479,3.0
22,40,white,0.878323108384458,3.0
23,40,white,0.8844580777096115,3.0
24,40,white,0.8717791411042944,3.0
0,40,white,0.8519427402862986,0.0
1,40,white,0.8498977505112475,0.0
2,40,white,0.8515337423312883,0.0
3,40,white,0.8498977505112475,0.0
4,40,white,0.8568507157464212,0.0
5,40,white,0.8480572597137014,0.0
6,40,white,0.8515337423312883,0.0
7,40,white,0.8488752556237219,0.0
8,40,white,0.8466257668711656,0.0
9,40,white,0.8552147239263803,0.0
10,40,white,0.8505112474437628,0.0
11,40,white,0.8513292433537832,0.0
12,40,white,0.8554192229038855,0.0
13,40,white,0.8607361963190184,0.0
14,40,white,0.8529652351738242,0.0
15,40,white,0.849079754601227,0.0
16,40,white,0.8480572597137014,0.0
17,40,white,0.8498977505112475,0.0
18,40,white,0.8515337423312883,0.0
19,40,white,0.8443762781186094,0.0
20,40,white,0.8505112474437628,0.0
21,40,white,0.8529652351738242,0.0
22,40,white,0.8564417177914111,0.0
23,40,white,0.8584867075664622,0.0
24,40,white,0.8439672801635992,0.0
0,40,white,0.8118609406952966,-3.0
1,40,white,0.8032719836400818,-3.0
2,40,white,0.8102249488752556,-3.0
3,40,white,0.8016359918200409,-3.0
4,40,white,0.8102249488752556,-3.0
5,40,white,0.8051124744376278,-3.0
6,40,white,0.8051124744376278,-3.0
7,40,white,0.8114519427402863,-3.0
8,40,white,0.7940695296523518,-3.0
9,40,white,0.8175869120654397,-3.0
10,40,white,0.8102249488752556,-3.0
11,40,white,0.8102249488752556,-3.0
12,40,white,0.8004089979550102,-3.0
13,40,white,0.80920245398773,-3.0
14,40,white,0.8051124744376278,-3.0
15,40,white,0.8081799591002045,-3.0
16,40,white,0.8024539877300614,-3.0
17,40,white,0.8104294478527607,-3.0
18,40,white,0.8087934560327198,-3.0
19,40,white,0.8034764826175869,-3.0
20,40,white,0.8096114519427403,-3.0
21,40,white,0.805521472392638,-3.0
22,40,white,0.8057259713701431,-3.0
23,40,white,0.8100204498977505,-3.0
24,40,white,0.8063394683026585,-3.0
0,40,pink,0.9488752556237219,24.0
1,40,pink,0.9451942740286299,24.0
2,40,pink,0.9484662576687116,24.0
3,40,pink,0.950920245398773,24.0
4,40,pink,0.950920245398773,24.0
5,40,pink,0.9480572597137015,24.0
6,40,pink,0.9470347648261759,24.0
7,40,pink,0.9458077709611452,24.0
8,40,pink,0.9406952965235174,24.0
9,40,pink,0.9488752556237219,24.0
10,40,pink,0.9431492842535787,24.0
11,40,pink,0.9464212678936605,24.0
12,40,pink,0.950920245398773,24.0
13,40,pink,0.9511247443762781,24.0
14,40,pink,0.9482617586912065,24.0
15,40,pink,0.9466257668711656,24.0
16,40,pink,0.9476482617586912,24.0
17,40,pink,0.9488752556237219,24.0
18,40,pink,0.9468302658486708,24.0
19,40,pink,0.9470347648261759,24.0
20,40,pink,0.945398773006135,24.0
21,40,pink,0.947239263803681,24.0
22,40,pink,0.9460122699386503,24.0
23,40,pink,0.9515337423312883,24.0
24,40,pink,0.9458077709611452,24.0
0,40,pink,0.9433537832310839,21.0
1,40,pink,0.9384458077709611,21.0
2,40,pink,0.9423312883435583,21.0
3,40,pink,0.9462167689161555,21.0
4,40,pink,0.9476482617586912,21.0
5,40,pink,0.9443762781186094,21.0
6,40,pink,0.9439672801635992,21.0
7,40,pink,0.941717791411043,21.0
8,40,pink,0.9425357873210634,21.0
9,40,pink,0.9441717791411043,21.0
10,40,pink,0.9421267893660532,21.0
11,40,pink,0.943558282208589,21.0
12,40,pink,0.9460122699386503,21.0
13,40,pink,0.9464212678936605,21.0
14,40,pink,0.9394683026584867,21.0
15,40,pink,0.9425357873210634,21.0
16,40,pink,0.9413087934560327,21.0
17,40,pink,0.9433537832310839,21.0
18,40,pink,0.940081799591002,21.0
19,40,pink,0.9411042944785276,21.0
20,40,pink,0.9408997955010225,21.0
21,40,pink,0.9458077709611452,21.0
22,40,pink,0.9427402862985685,21.0
23,40,pink,0.9447852760736196,21.0
24,40,pink,0.941717791411043,21.0
0,40,pink,0.9335378323108384,18.0
1,40,pink,0.9310838445807771,18.0
2,40,pink,0.9406952965235174,18.0
3,40,pink,0.941922290388548,18.0
4,40,pink,0.9368098159509203,18.0
5,40,pink,0.939877300613497,18.0
6,40,pink,0.9359918200408998,18.0
7,40,pink,0.9341513292433538,18.0
8,40,pink,0.9353783231083844,18.0
9,40,pink,0.9384458077709611,18.0
10,40,pink,0.9357873210633947,18.0
11,40,pink,0.9370143149284254,18.0
12,40,pink,0.9376278118609407,18.0
13,40,pink,0.9406952965235174,18.0
14,40,pink,0.9357873210633947,18.0
15,40,pink,0.9374233128834356,18.0
16,40,pink,0.9339468302658487,18.0
17,40,pink,0.9415132924335379,18.0
18,40,pink,0.9347648261758691,18.0
19,40,pink,0.9378323108384458,18.0
20,40,pink,0.9359918200408998,18.0
21,40,pink,0.9386503067484663,18.0
22,40,pink,0.9370143149284254,18.0
23,40,pink,0.9404907975460123,18.0
24,40,pink,0.9339468302658487,18.0
0,40,pink,0.9267893660531697,15.0
1,40,pink,0.9235173824130879,15.0
2,40,pink,0.9282208588957055,15.0
3,40,pink,0.9319018404907975,15.0
4,40,pink,0.9300613496932515,15.0
5,40,pink,0.9286298568507158,15.0
6,40,pink,0.9316973415132924,15.0
7,40,pink,0.9249488752556237,15.0
8,40,pink,0.9237218813905931,15.0
9,40,pink,0.9310838445807771,15.0
10,40,pink,0.9249488752556237,15.0
11,40,pink,0.9276073619631902,15.0
12,40,pink,0.9282208588957055,15.0
13,40,pink,0.9347648261758691,15.0
14,40,pink,0.9276073619631902,15.0
15,40,pink,0.9274028629856851,15.0
16,40,pink,0.9269938650306748,15.0
17,40,pink,0.9312883435582822,15.0
18,40,pink,0.9276073619631902,15.0
19,40,pink,0.9261758691206544,15.0
20,40,pink,0.9278118609406953,15.0
21,40,pink,0.929038854805726,15.0
22,40,pink,0.9286298568507158,15.0
23,40,pink,0.9349693251533743,15.0
24,40,pink,0.9280163599182004,15.0
0,40,pink,0.9167689161554192,12.0
1,40,pink,0.916359918200409,12.0
2,40,pink,0.9216768916155419,12.0
3,40,pink,0.9212678936605317,12.0
4,40,pink,0.9192229038854806,12.0
5,40,pink,0.9179959100204499,12.0
6,40,pink,0.9192229038854806,12.0
7,40,pink,0.9159509202453988,12.0
8,40,pink,0.9167689161554192,12.0
9,40,pink,0.9196319018404908,12.0
10,40,pink,0.9184049079754601,12.0
11,40,pink,0.9190184049079755,12.0
12,40,pink,0.9196319018404908,12.0
13,40,pink,0.9194274028629856,12.0
14,40,pink,0.9198364008179959,12.0
15,40,pink,0.9208588957055215,12.0
16,40,pink,0.9169734151329243,12.0
17,40,pink,0.9235173824130879,12.0
18,40,pink,0.9192229038854806,12.0
19,40,pink,0.9175869120654396,12.0
20,40,pink,0.9204498977505112,12.0
21,40,pink,0.9157464212678936,12.0
22,40,pink,0.9202453987730062,12.0
23,40,pink,0.9226993865030675,12.0
24,40,pink,0.9194274028629856,12.0
0,40,pink,0.8997955010224948,9.0
1,40,pink,0.8991820040899795,9.0
2,40,pink,0.9006134969325154,9.0
3,40,pink,0.9059304703476483,9.0
4,40,pink,0.9047034764826176,9.0
5,40,pink,0.9061349693251534,9.0
6,40,pink,0.9038854805725971,9.0
7,40,pink,0.9004089979550102,9.0
8,40,pink,0.8983640081799591,9.0
9,40,pink,0.9030674846625767,9.0
10,40,pink,0.8977505112474438,9.0
11,40,pink,0.901635991820041,9.0
12,40,pink,0.9042944785276074,9.0
13,40,pink,0.9059304703476483,9.0
14,40,pink,0.9044989775051124,9.0
15,40,pink,0.908997955010225,9.0
16,40,pink,0.9024539877300614,9.0
17,40,pink,0.9030674846625767,9.0
18,40,pink,0.905316973415133,9.0
19,40,pink,0.9030674846625767,9.0
20,40,pink,0.9014314928425358,9.0
21,40,pink,0.901840490797546,9.0
22,40,pink,0.9026584867075664,9.0
23,40,pink,0.907361963190184,9.0
24,40,pink,0.8959100204498978,9.0
0,40,pink,0.8856850715746422,6.0
1,40,pink,0.8844580777096115,6.0
2,40,pink,0.8826175869120655,6.0
3,40,pink,0.8871165644171779,6.0
4,40,pink,0.8850715746421268,6.0
5,40,pink,0.878323108384458,6.0
6,40,pink,0.8848670756646216,6.0
7,40,pink,0.8834355828220859,6.0
8,40,pink,0.8846625766871166,6.0
9,40,pink,0.8905930470347648,6.0
10,40,pink,0.8813905930470347,6.0
11,40,pink,0.8877300613496932,6.0
12,40,pink,0.8885480572597138,6.0
13,40,pink,0.8871165644171779,6.0
14,40,pink,0.8795501022494887,6.0
15,40,pink,0.883640081799591,6.0
16,40,pink,0.8828220858895706,6.0
17,40,pink,0.8885480572597138,6.0
18,40,pink,0.8867075664621676,6.0
19,40,pink,0.8807770961145194,6.0
20,40,pink,0.887321063394683,6.0
21,40,pink,0.8834355828220859,6.0
22,40,pink,0.8856850715746422,6.0
23,40,pink,0.885480572597137,6.0
24,40,pink,0.8775051124744376,6.0
0,40,pink,0.8574642126789366,3.0
1,40,pink,0.8566462167689162,3.0
2,40,pink,0.8496932515337423,3.0
3,40,pink,0.8588957055214724,3.0
4,40,pink,0.8568507157464212,3.0
5,40,pink,0.8515337423312883,3.0
6,40,pink,0.8586912065439672,3.0
7,40,pink,0.8568507157464212,3.0
8,40,pink,0.8523517382413088,3.0
9,40,pink,0.8607361963190184,3.0
10,40,pink,0.8578732106339468,3.0
11,40,pink,0.8611451942740286,3.0
12,40,pink,0.8537832310838446,3.0
13,40,pink,0.86359918200409,3.0
14,40,pink,0.8582822085889571,3.0
15,40,pink,0.8537832310838446,3.0
16,40,pink,0.8570552147239264,3.0
17,40,pink,0.8572597137014315,3.0
18,40,pink,0.854601226993865,3.0
19,40,pink,0.8525562372188139,3.0
20,40,pink,0.8505112474437628,3.0
21,40,pink,0.8570552147239264,3.0
22,40,pink,0.8535787321063395,3.0
23,40,pink,0.8640081799591002,3.0
24,40,pink,0.8482617586912066,3.0
0,40,pink,0.8229038854805726,0.0
1,40,pink,0.8124744376278119,0.0
2,40,pink,0.8186094069529652,0.0
3,40,pink,0.8210633946830266,0.0
4,40,pink,0.8192229038854806,0.0
5,40,pink,0.8159509202453987,0.0
6,40,pink,0.8118609406952966,0.0
7,40,pink,0.8149284253578732,0.0
8,40,pink,0.8190184049079755,0.0
9,40,pink,0.8186094069529652,0.0
10,40,pink,0.8202453987730062,0.0
11,40,pink,0.8177914110429448,0.0
12,40,pink,0.8226993865030675,0.0
13,40,pink,0.8224948875255623,0.0
14,40,pink,0.8100204498977505,0.0
15,40,pink,0.8171779141104294,0.0
16,40,pink,0.8155419222903886,0.0
17,40,pink,0.8245398773006135,0.0
18,40,pink,0.8139059304703476,0.0
19,40,pink,0.8100204498977505,0.0
20,40,pink,0.8153374233128834,0.0
21,40,pink,0.8169734151329243,0.0
22,40,pink,0.8204498977505112,0.0
23,40,pink,0.8194274028629857,0.0
24,40,pink,0.814519427402863,0.0
0,40,pink,0.7484662576687117,-3.0
1,40,pink,0.7529652351738241,-3.0
2,40,pink,0.7613496932515338,-3.0
3,40,pink,0.752760736196319,-3.0
4,40,pink,0.7580777096114519,-3.0
5,40,pink,0.7478527607361963,-3.0
6,40,pink,0.7468302658486707,-3.0
7,40,pink,0.7519427402862986,-3.0
8,40,pink,0.747239263803681,-3.0
9,40,pink,0.7599182004089979,-3.0
10,40,pink,0.745398773006135,-3.0
11,40,pink,0.752760736196319,-3.0
12,40,pink,0.7541922290388549,-3.0
13,40,pink,0.7535787321063395,-3.0
14,40,pink,0.7517382413087934,-3.0
15,40,pink,0.7531697341513293,-3.0
16,40,pink,0.7439672801635991,-3.0
17,40,pink,0.7523517382413087,-3.0
18,40,pink,0.754601226993865,-3.0
19,40,pink,0.7447852760736197,-3.0
20,40,pink,0.7482617586912066,-3.0
21,40,pink,0.7474437627811861,-3.0
22,40,pink,0.754601226993865,-3.0
23,40,pink,0.7390593047034765,-3.0
24,40,pink,0.7441717791411043,-3.0
0,40,babble,0.9539877300613497,24.0
1,40,babble,0.9564417177914111,24.0
2,40,babble,0.9566462167689161,24.0
3,40,babble,0.9593047034764827,24.0
4,40,babble,0.9566462167689161,24.0
5,40,babble,0.9584867075664621,24.0
6,40,babble,0.9556237218813906,24.0
7,40,babble,0.9568507157464212,24.0
8,40,babble,0.9539877300613497,24.0
9,40,babble,0.9556237218813906,24.0
10,40,babble,0.9574642126789366,24.0
11,40,babble,0.9560327198364008,24.0
12,40,babble,0.9576687116564417,24.0
13,40,babble,0.9584867075664621,24.0
14,40,babble,0.9568507157464212,24.0
15,40,babble,0.9588957055214724,24.0
16,40,babble,0.9582822085889571,24.0
17,40,babble,0.9574642126789366,24.0
18,40,babble,0.9562372188139059,24.0
19,40,babble,0.9531697341513292,24.0
20,40,babble,0.9562372188139059,24.0
21,40,babble,0.9539877300613497,24.0
22,40,babble,0.9566462167689161,24.0
23,40,babble,0.9578732106339468,24.0
24,40,babble,0.9527607361963191,24.0
0,40,babble,0.9507157464212679,21.0
1,40,babble,0.9537832310838446,21.0
2,40,babble,0.9543967280163599,21.0
3,40,babble,0.9554192229038855,21.0
4,40,babble,0.9550102249488752,21.0
5,40,babble,0.9568507157464212,21.0
6,40,babble,0.9525562372188139,21.0
7,40,babble,0.9550102249488752,21.0
8,40,babble,0.9501022494887525,21.0
9,40,babble,0.9521472392638037,21.0
10,40,babble,0.9560327198364008,21.0
11,40,babble,0.9533742331288344,21.0
12,40,babble,0.9537832310838446,21.0
13,40,babble,0.9574642126789366,21.0
14,40,babble,0.9525562372188139,21.0
15,40,babble,0.9562372188139059,21.0
16,40,babble,0.9548057259713701,21.0
17,40,babble,0.9533742331288344,21.0
18,40,babble,0.9541922290388548,21.0
19,40,babble,0.9498977505112475,21.0
20,40,babble,0.9529652351738241,21.0
21,40,babble,0.9519427402862985,21.0
22,40,babble,0.9564417177914111,21.0
23,40,babble,0.9582822085889571,21.0
24,40,babble,0.9503067484662576,21.0
0,40,babble,0.9496932515337423,18.0
1,40,babble,0.9513292433537832,18.0
2,40,babble,0.9507157464212679,18.0
3,40,babble,0.9507157464212679,18.0
4,40,babble,0.9496932515337423,18.0
5,40,babble,0.9529652351738241,18.0
6,40,babble,0.9484662576687116,18.0
7,40,babble,0.9527607361963191,18.0
8,40,babble,0.9478527607361963,18.0
9,40,babble,0.9498977505112475,18.0
10,40,babble,0.9531697341513292,18.0
11,40,babble,0.9521472392638037,18.0
12,40,babble,0.9519427402862985,18.0
13,40,babble,0.9543967280163599,18.0
14,40,babble,0.9482617586912065,18.0
15,40,babble,0.9521472392638037,18.0
16,40,babble,0.9521472392638037,18.0
17,40,babble,0.9501022494887525,18.0
18,40,babble,0.9529652351738241,18.0
19,40,babble,0.9468302658486708,18.0
20,40,babble,0.9527607361963191,18.0
21,40,babble,0.9503067484662576,18.0
22,40,babble,0.9531697341513292,18.0
23,40,babble,0.9541922290388548,18.0
24,40,babble,0.9474437627811861,18.0
0,40,babble,0.9451942740286299,15.0
1,40,babble,0.9431492842535787,15.0
2,40,babble,0.9443762781186094,15.0
3,40,babble,0.9460122699386503,15.0
4,40,babble,0.9464212678936605,15.0
5,40,babble,0.9511247443762781,15.0
6,40,babble,0.9451942740286299,15.0
7,40,babble,0.9484662576687116,15.0
8,40,babble,0.9449897750511247,15.0
9,40,babble,0.9468302658486708,15.0
10,40,babble,0.9478527607361963,15.0
11,40,babble,0.9494887525562372,15.0
12,40,babble,0.9474437627811861,15.0
13,40,babble,0.9496932515337423,15.0
14,40,babble,0.9421267893660532,15.0
15,40,babble,0.9431492842535787,15.0
16,40,babble,0.9456032719836401,15.0
17,40,babble,0.943762781186094,15.0
18,40,babble,0.9478527607361963,15.0
19,40,babble,0.940081799591002,15.0
20,40,babble,0.9480572597137015,15.0
21,40,babble,0.9445807770961145,15.0
22,40,babble,0.9494887525562372,15.0
23,40,babble,0.9496932515337423,15.0
24,40,babble,0.9423312883435583,15.0
0,40,babble,0.934560327198364,12.0
1,40,babble,0.9349693251533743,12.0
2,40,babble,0.9390593047034764,12.0
3,40,babble,0.9413087934560327,12.0
4,40,babble,0.941717791411043,12.0
5,40,babble,0.939877300613497,12.0
6,40,babble,0.9370143149284254,12.0
7,40,babble,0.9394683026584867,12.0
8,40,babble,0.9370143149284254,12.0
9,40,babble,0.9402862985685072,12.0
10,40,babble,0.9411042944785276,12.0
11,40,babble,0.9404907975460123,12.0
12,40,babble,0.9425357873210634,12.0
13,40,babble,0.9396728016359919,12.0
14,40,babble,0.9376278118609407,12.0
15,40,babble,0.940081799591002,12.0
16,40,babble,0.938241308793456,12.0
17,40,babble,0.9349693251533743,12.0
18,40,babble,0.9413087934560327,12.0
19,40,babble,0.9341513292433538,12.0
20,40,babble,0.9384458077709611,12.0
21,40,babble,0.9361963190184049,12.0
22,40,babble,0.9413087934560327,12.0
23,40,babble,0.941922290388548,12.0
24,40,babble,0.9361963190184049,12.0
0,40,babble,0.9255623721881391,9.0
1,40,babble,0.9220858895705522,9.0
2,40,babble,0.9267893660531697,9.0
3,40,babble,0.92719836400818,9.0
4,40,babble,0.9304703476482618,9.0
5,40,babble,0.9298568507157464,9.0
6,40,babble,0.9276073619631902,9.0
7,40,babble,0.9282208588957055,9.0
8,40,babble,0.9269938650306748,9.0
9,40,babble,0.9296523517382413,9.0
10,40,babble,0.9304703476482618,9.0
11,40,babble,0.9298568507157464,9.0
12,40,babble,0.9298568507157464,9.0
13,40,babble,0.9292433537832311,9.0
14,40,babble,0.9265848670756647,9.0
15,40,babble,0.9294478527607362,9.0
16,40,babble,0.9263803680981595,9.0
17,40,babble,0.9269938650306748,9.0
18,40,babble,0.9294478527607362,9.0
19,40,babble,0.9235173824130879,9.0
20,40,babble,0.9253578732106339,9.0
21,40,babble,0.929038854805726,9.0
22,40,babble,0.9288343558282208,9.0
23,40,babble,0.9300613496932515,9.0
24,40,babble,0.9261758691206544,9.0
0,40,babble,0.9075664621676892,6.0
1,40,babble,0.9047034764826176,6.0
2,40,babble,0.9079754601226994,6.0
3,40,babble,0.9141104294478528,6.0
4,40,babble,0.916359918200409,6.0
5,40,babble,0.9139059304703476,6.0
6,40,babble,0.9116564417177914,6.0
7,40,babble,0.9139059304703476,6.0
8,40,babble,0.905521472392638,6.0
9,40,babble,0.912883435582822,6.0
10,40,babble,0.9149284253578732,6.0
11,40,babble,0.912883435582822,6.0
12,40,babble,0.9157464212678936,6.0
13,40,babble,0.9122699386503067,6.0
14,40,babble,0.9096114519427403,6.0
15,40,babble,0.9139059304703476,6.0
16,40,babble,0.9094069529652352,6.0
17,40,babble,0.9116564417177914,6.0
18,40,babble,0.9106339468302659,6.0
19,40,babble,0.907361963190184,6.0
20,40,babble,0.9102249488752556,6.0
21,40,babble,0.9134969325153375,6.0
22,40,babble,0.912883435582822,6.0
23,40,babble,0.9118609406952966,6.0
24,40,babble,0.911042944785276,6.0
0,40,babble,0.8842535787321063,3.0
1,40,babble,0.8809815950920246,3.0
2,40,babble,0.8795501022494887,3.0
3,40,babble,0.8858895705521472,3.0
4,40,babble,0.8840490797546012,3.0
5,40,babble,0.8862985685071575,3.0
6,40,babble,0.8858895705521472,3.0
7,40,babble,0.8860940695296523,3.0
8,40,babble,0.8795501022494887,3.0
9,40,babble,0.8881390593047035,3.0
10,40,babble,0.8871165644171779,3.0
11,40,babble,0.8848670756646216,3.0
12,40,babble,0.887321063394683,3.0
13,40,babble,0.8838445807770962,3.0
14,40,babble,0.8860940695296523,3.0
15,40,babble,0.8862985685071575,3.0
16,40,babble,0.8826175869120655,3.0
17,40,babble,0.8844580777096115,3.0
18,40,babble,0.8897750511247444,3.0
19,40,babble,0.8824130879345603,3.0
20,40,babble,0.8803680981595092,3.0
21,40,babble,0.8922290388548058,3.0
22,40,babble,0.8887525562372188,3.0
23,40,babble,0.8852760736196319,3.0
24,40,babble,0.8832310838445808,3.0
0,40,babble,0.8388548057259714,0.0
1,40,babble,0.841717791411043,0.0
2,40,babble,0.8359918200408998,0.0
3,40,babble,0.8366053169734151,0.0
4,40,babble,0.8402862985685071,0.0
5,40,babble,0.8421267893660531,0.0
6,40,babble,0.8433537832310839,0.0
7,40,babble,0.838036809815951,0.0
8,40,babble,0.8370143149284254,0.0
9,40,babble,0.8404907975460123,0.0
10,40,babble,0.8319018404907975,0.0
11,40,babble,0.8429447852760736,0.0
12,40,babble,0.8464212678936606,0.0
13,40,babble,0.8390593047034764,0.0
14,40,babble,0.8396728016359918,0.0
15,40,babble,0.8333333333333334,0.0
16,40,babble,0.8341513292433538,0.0
17,40,babble,0.8413087934560327,0.0
18,40,babble,0.8378323108384458,0.0
19,40,babble,0.83640081799591,0.0
20,40,babble,0.8323108384458078,0.0
21,40,babble,0.849079754601227,0.0
22,40,babble,0.8411042944785276,0.0
23,40,babble,0.8431492842535787,0.0
24,40,babble,0.8374233128834356,0.0
0,40,babble,0.7654396728016359,-3.0
1,40,babble,0.7697341513292434,-3.0
2,40,babble,0.7586912065439673,-3.0
3,40,babble,0.7595092024539877,-3.0
4,40,babble,0.7638036809815951,-3.0
5,40,babble,0.7619631901840491,-3.0
6,40,babble,0.7676891615541922,-3.0
7,40,babble,0.7613496932515338,-3.0
8,40,babble,0.7707566462167689,-3.0
9,40,babble,0.774437627811861,-3.0
10,40,babble,0.7644171779141105,-3.0
11,40,babble,0.7787321063394683,-3.0
12,40,babble,0.7678936605316974,-3.0
13,40,babble,0.7562372188139059,-3.0
14,40,babble,0.7609406952965235,-3.0
15,40,babble,0.7627811860940695,-3.0
16,40,babble,0.7525562372188139,-3.0
17,40,babble,0.7629856850715746,-3.0
18,40,babble,0.7674846625766871,-3.0
19,40,babble,0.7601226993865031,-3.0
20,40,babble,0.7539877300613497,-3.0
21,40,babble,0.7732106339468303,-3.0
22,40,babble,0.7668711656441718,-3.0
23,40,babble,0.7654396728016359,-3.0
24,40,babble,0.7613496932515338,-3.0
0,40,kitchen,0.9558282208588957,24.0
1,40,kitchen,0.9537832310838446,24.0
2,40,kitchen,0.9533742331288344,24.0
3,40,kitchen,0.9576687116564417,24.0
4,40,kitchen,0.9529652351738241,24.0
5,40,kitchen,0.959918200408998,24.0
6,40,kitchen,0.9537832310838446,24.0
7,40,kitchen,0.9566462167689161,24.0
8,40,kitchen,0.9505112474437628,24.0
9,40,kitchen,0.9517382413087935,24.0
10,40,kitchen,0.9537832310838446,24.0
11,40,kitchen,0.9539877300613497,24.0
12,40,kitchen,0.9572597137014315,24.0
13,40,kitchen,0.9556237218813906,24.0
14,40,kitchen,0.9546012269938651,24.0
15,40,kitchen,0.9562372188139059,24.0
16,40,kitchen,0.9568507157464212,24.0
17,40,kitchen,0.9541922290388548,24.0
18,40,kitchen,0.9521472392638037,24.0
19,40,kitchen,0.9539877300613497,24.0
20,40,kitchen,0.9519427402862985,24.0
21,40,kitchen,0.9539877300613497,24.0
22,40,kitchen,0.9548057259713701,24.0
23,40,kitchen,0.9578732106339468,24.0
24,40,kitchen,0.9531697341513292,24.0
0,40,kitchen,0.9550102249488752,21.0
1,40,kitchen,0.9515337423312883,21.0
2,40,kitchen,0.9511247443762781,21.0
3,40,kitchen,0.9533742331288344,21.0
4,40,kitchen,0.9517382413087935,21.0
5,40,kitchen,0.9566462167689161,21.0
6,40,kitchen,0.9505112474437628,21.0
7,40,kitchen,0.9552147239263804,21.0
8,40,kitchen,0.9494887525562372,21.0
9,40,kitchen,0.9494887525562372,21.0
10,40,kitchen,0.9517382413087935,21.0
11,40,kitchen,0.9523517382413088,21.0
12,40,kitchen,0.9572597137014315,21.0
13,40,kitchen,0.9548057259713701,21.0
14,40,kitchen,0.9513292433537832,21.0
15,40,kitchen,0.9529652351738241,21.0
16,40,kitchen,0.9535787321063395,21.0
17,40,kitchen,0.9537832310838446,21.0
18,40,kitchen,0.9515337423312883,21.0
19,40,kitchen,0.9494887525562372,21.0
20,40,kitchen,0.9517382413087935,21.0
21,40,kitchen,0.9527607361963191,21.0
22,40,kitchen,0.9539877300613497,21.0
23,40,kitchen,0.9582822085889571,21.0
24,40,kitchen,0.9521472392638037,21.0
0,40,kitchen,0.9525562372188139,18.0
1,40,kitchen,0.9478527607361963,18.0
2,40,kitchen,0.9488752556237219,18.0
3,40,kitchen,0.9507157464212679,18.0
4,40,kitchen,0.9494887525562372,18.0
5,40,kitchen,0.9539877300613497,18.0
6,40,kitchen,0.9484662576687116,18.0
7,40,kitchen,0.9519427402862985,18.0
8,40,kitchen,0.9476482617586912,18.0
9,40,kitchen,0.9480572597137015,18.0
10,40,kitchen,0.9511247443762781,18.0
11,40,kitchen,0.950920245398773,18.0
12,40,kitchen,0.9541922290388548,18.0
13,40,kitchen,0.9525562372188139,18.0
14,40,kitchen,0.9482617586912065,18.0
15,40,kitchen,0.9496932515337423,18.0
16,40,kitchen,0.9513292433537832,18.0
17,40,kitchen,0.9527607361963191,18.0
18,40,kitchen,0.9484662576687116,18.0
19,40,kitchen,0.9462167689161555,18.0
20,40,kitchen,0.949079754601227,18.0
21,40,kitchen,0.9492842535787321,18.0
22,40,kitchen,0.9501022494887525,18.0
23,40,kitchen,0.9535787321063395,18.0
24,40,kitchen,0.9498977505112475,18.0
0,40,kitchen,0.9507157464212679,15.0
1,40,kitchen,0.9462167689161555,15.0
2,40,kitchen,0.9466257668711656,15.0
3,40,kitchen,0.947239263803681,15.0
4,40,kitchen,0.9451942740286299,15.0
5,40,kitchen,0.9492842535787321,15.0
6,40,kitchen,0.9476482617586912,15.0
7,40,kitchen,0.9486707566462168,15.0
8,40,kitchen,0.9427402862985685,15.0
9,40,kitchen,0.9449897750511247,15.0
10,40,kitchen,0.9492842535787321,15.0
11,40,kitchen,0.9496932515337423,15.0
12,40,kitchen,0.9507157464212679,15.0
13,40,kitchen,0.9513292433537832,15.0
14,40,kitchen,0.9462167689161555,15.0
15,40,kitchen,0.9476482617586912,15.0
16,40,kitchen,0.9468302658486708,15.0
17,40,kitchen,0.9507157464212679,15.0
18,40,kitchen,0.9460122699386503,15.0
19,40,kitchen,0.943762781186094,15.0
20,40,kitchen,0.9482617586912065,15.0
21,40,kitchen,0.9447852760736196,15.0
22,40,kitchen,0.9466257668711656,15.0
23,40,kitchen,0.9496932515337423,15.0
24,40,kitchen,0.9456032719836401,15.0
0,40,kitchen,0.9451942740286299,12.0
1,40,kitchen,0.9447852760736196,12.0
2,40,kitchen,0.9443762781186094,12.0
3,40,kitchen,0.9427402862985685,12.0
4,40,kitchen,0.9433537832310839,12.0
5,40,kitchen,0.9445807770961145,12.0
6,40,kitchen,0.9433537832310839,12.0
7,40,kitchen,0.943558282208589,12.0
8,40,kitchen,0.9386503067484663,12.0
9,40,kitchen,0.9423312883435583,12.0
10,40,kitchen,0.9451942740286299,12.0
11,40,kitchen,0.9464212678936605,12.0
12,40,kitchen,0.9458077709611452,12.0
13,40,kitchen,0.949079754601227,12.0
14,40,kitchen,0.9441717791411043,12.0
15,40,kitchen,0.943762781186094,12.0
16,40,kitchen,0.9447852760736196,12.0
17,40,kitchen,0.9443762781186094,12.0
18,40,kitchen,0.941717791411043,12.0
19,40,kitchen,0.9415132924335379,12.0
20,40,kitchen,0.9415132924335379,12.0
21,40,kitchen,0.9439672801635992,12.0
22,40,kitchen,0.9408997955010225,12.0
23,40,kitchen,0.9466257668711656,12.0
24,40,kitchen,0.9423312883435583,12.0
0,40,kitchen,0.9411042944785276,9.0
1,40,kitchen,0.938241308793456,9.0
2,40,kitchen,0.9413087934560327,9.0
3,40,kitchen,0.9396728016359919,9.0
4,40,kitchen,0.9390593047034764,9.0
5,40,kitchen,0.9413087934560327,9.0
6,40,kitchen,0.9390593047034764,9.0
7,40,kitchen,0.9394683026584867,9.0
8,40,kitchen,0.93640081799591,9.0
9,40,kitchen,0.9396728016359919,9.0
10,40,kitchen,0.9408997955010225,9.0
11,40,kitchen,0.9411042944785276,9.0
12,40,kitchen,0.9411042944785276,9.0
13,40,kitchen,0.9449897750511247,9.0
14,40,kitchen,0.9359918200408998,9.0
15,40,kitchen,0.9394683026584867,9.0
16,40,kitchen,0.9396728016359919,9.0
17,40,kitchen,0.9394683026584867,9.0
18,40,kitchen,0.9396728016359919,9.0
19,40,kitchen,0.9357873210633947,9.0
20,40,kitchen,0.93640081799591,9.0
21,40,kitchen,0.9406952965235174,9.0
22,40,kitchen,0.9376278118609407,9.0
23,40,kitchen,0.9404907975460123,9.0
24,40,kitchen,0.9384458077709611,9.0
0,40,kitchen,0.9359918200408998,6.0
1,40,kitchen,0.9312883435582822,6.0
2,40,kitchen,0.9349693251533743,6.0
3,40,kitchen,0.9331288343558283,6.0
4,40,kitchen,0.9337423312883436,6.0
5,40,kitchen,0.93640081799591,6.0
6,40,kitchen,0.9333333333333333,6.0
7,40,kitchen,0.9351738241308793,6.0
8,40,kitchen,0.9282208588957055,6.0
9,40,kitchen,0.9374233128834356,6.0
10,40,kitchen,0.9357873210633947,6.0
11,40,kitchen,0.9321063394683027,6.0
12,40,kitchen,0.9357873210633947,6.0
13,40,kitchen,0.9384458077709611,6.0
14,40,kitchen,0.9284253578732107,6.0
15,40,kitchen,0.9353783231083844,6.0
16,40,kitchen,0.9351738241308793,6.0
17,40,kitchen,0.9339468302658487,6.0
18,40,kitchen,0.9368098159509203,6.0
19,40,kitchen,0.9319018404907975,6.0
20,40,kitchen,0.9312883435582822,6.0
21,40,kitchen,0.9349693251533743,6.0
22,40,kitchen,0.9314928425357873,6.0
23,40,kitchen,0.938241308793456,6.0
24,40,kitchen,0.9333333333333333,6.0
0,40,kitchen,0.9269938650306748,3.0
1,40,kitchen,0.9239263803680982,3.0
2,40,kitchen,0.9282208588957055,3.0
3,40,kitchen,0.9276073619631902,3.0
4,40,kitchen,0.9261758691206544,3.0
5,40,kitchen,0.9292433537832311,3.0
6,40,kitchen,0.929038854805726,3.0
7,40,kitchen,0.9269938650306748,3.0
8,40,kitchen,0.9253578732106339,3.0
9,40,kitchen,0.9294478527607362,3.0
10,40,kitchen,0.9263803680981595,3.0
11,40,kitchen,0.9241308793456032,3.0
12,40,kitchen,0.9269938650306748,3.0
13,40,kitchen,0.9331288343558283,3.0
14,40,kitchen,0.9231083844580777,3.0
15,40,kitchen,0.9274028629856851,3.0
16,40,kitchen,0.9220858895705522,3.0
17,40,kitchen,0.9294478527607362,3.0
18,40,kitchen,0.9267893660531697,3.0
19,40,kitchen,0.9249488752556237,3.0
20,40,kitchen,0.9253578732106339,3.0
21,40,kitchen,0.9263803680981595,3.0
22,40,kitchen,0.9265848670756647,3.0
23,40,kitchen,0.9325153374233128,3.0
24,40,kitchen,0.9261758691206544,3.0
0,40,kitchen,0.9171779141104295,0.0
1,40,kitchen,0.9137014314928426,0.0
2,40,kitchen,0.9231083844580777,0.0
3,40,kitchen,0.9204498977505112,0.0
4,40,kitchen,0.9179959100204499,0.0
5,40,kitchen,0.9202453987730062,0.0
6,40,kitchen,0.9222903885480572,0.0
7,40,kitchen,0.9169734151329243,0.0
8,40,kitchen,0.9141104294478528,0.0
9,40,kitchen,0.9175869120654396,0.0
10,40,kitchen,0.9184049079754601,0.0
11,40,kitchen,0.9134969325153375,0.0
12,40,kitchen,0.9184049079754601,0.0
13,40,kitchen,0.9247443762781186,0.0
14,40,kitchen,0.9147239263803681,0.0
15,40,kitchen,0.9190184049079755,0.0
16,40,kitchen,0.9141104294478528,0.0
17,40,kitchen,0.9196319018404908,0.0
18,40,kitchen,0.9184049079754601,0.0
19,40,kitchen,0.914519427402863,0.0
20,40,kitchen,0.9173824130879346,0.0
21,40,kitchen,0.9184049079754601,0.0
22,40,kitchen,0.9200408997955011,0.0
23,40,kitchen,0.9239263803680982,0.0
24,40,kitchen,0.9184049079754601,0.0
0,40,kitchen,0.907157464212679,-3.0
1,40,kitchen,0.9012269938650307,-3.0
2,40,kitchen,0.910838445807771,-3.0
3,40,kitchen,0.9081799591002045,-3.0
4,40,kitchen,0.9085889570552147,-3.0
5,40,kitchen,0.9079754601226994,-3.0
6,40,kitchen,0.90920245398773,-3.0
7,40,kitchen,0.9044989775051124,-3.0
8,40,kitchen,0.9012269938650307,-3.0
9,40,kitchen,0.9079754601226994,-3.0
10,40,kitchen,0.9040899795501023,-3.0
11,40,kitchen,0.901840490797546,-3.0
12,40,kitchen,0.910838445807771,-3.0
13,40,kitchen,0.9137014314928426,-3.0
14,40,kitchen,0.9020449897750511,-3.0
15,40,kitchen,0.908997955010225,-3.0
16,40,kitchen,0.901635991820041,-3.0
17,40,kitchen,0.9102249488752556,-3.0
18,40,kitchen,0.9094069529652352,-3.0
19,40,kitchen,0.9020449897750511,-3.0
20,40,kitchen,0.9100204498977505,-3.0
21,40,kitchen,0.9102249488752556,-3.0
22,40,kitchen,0.9077709611451943,-3.0
23,40,kitchen,0.9120654396728016,-3.0
24,40,kitchen,0.9044989775051124,-3.0
0,40,office,0.9609406952965235,24.0
1,40,office,0.9566462167689161,24.0
2,40,office,0.9593047034764827,24.0
3,40,office,0.9574642126789366,24.0
4,40,office,0.9584867075664621,24.0
5,40,office,0.9629856850715747,24.0
6,40,office,0.9593047034764827,24.0
7,40,office,0.9611451942740287,24.0
8,40,office,0.9527607361963191,24.0
9,40,office,0.9552147239263804,24.0
10,40,office,0.9611451942740287,24.0
11,40,office,0.9578732106339468,24.0
12,40,office,0.9607361963190184,24.0
13,40,office,0.9603271983640081,24.0
14,40,office,0.9580777096114519,24.0
15,40,office,0.9646216768916155,24.0
16,40,office,0.9631901840490797,24.0
17,40,office,0.9591002044989775,24.0
18,40,office,0.9572597137014315,24.0
19,40,office,0.9570552147239264,24.0
20,40,office,0.959918200408998,24.0
21,40,office,0.9584867075664621,24.0
22,40,office,0.9595092024539877,24.0
23,40,office,0.9621676891615542,24.0
24,40,office,0.9550102249488752,24.0
0,40,office,0.9601226993865031,21.0
1,40,office,0.9564417177914111,21.0
2,40,office,0.9586912065439673,21.0
3,40,office,0.9564417177914111,21.0
4,40,office,0.9574642126789366,21.0
5,40,office,0.96359918200409,21.0
6,40,office,0.9574642126789366,21.0
7,40,office,0.9603271983640081,21.0
8,40,office,0.9529652351738241,21.0
9,40,office,0.9548057259713701,21.0
10,40,office,0.9609406952965235,21.0
11,40,office,0.9586912065439673,21.0
12,40,office,0.9601226993865031,21.0
13,40,office,0.9591002044989775,21.0
14,40,office,0.9580777096114519,21.0
15,40,office,0.961758691206544,21.0
16,40,office,0.9601226993865031,21.0
17,40,office,0.9572597137014315,21.0
18,40,office,0.9586912065439673,21.0
19,40,office,0.9568507157464212,21.0
20,40,office,0.9578732106339468,21.0
21,40,office,0.9568507157464212,21.0
22,40,office,0.9595092024539877,21.0
23,40,office,0.9615541922290388,21.0
24,40,office,0.9558282208588957,21.0
0,40,office,0.9593047034764827,18.0
1,40,office,0.9539877300613497,18.0
2,40,office,0.9566462167689161,18.0
3,40,office,0.9578732106339468,18.0
4,40,office,0.9580777096114519,18.0
5,40,office,0.9629856850715747,18.0
6,40,office,0.9564417177914111,18.0
7,40,office,0.9601226993865031,18.0
8,40,office,0.9539877300613497,18.0
9,40,office,0.9546012269938651,18.0
10,40,office,0.9586912065439673,18.0
11,40,office,0.9582822085889571,18.0
12,40,office,0.9603271983640081,18.0
13,40,office,0.9582822085889571,18.0
14,40,office,0.9566462167689161,18.0
15,40,office,0.9611451942740287,18.0
16,40,office,0.9595092024539877,18.0
17,40,office,0.9572597137014315,18.0
18,40,office,0.9586912065439673,18.0
19,40,office,0.9552147239263804,18.0
20,40,office,0.9568507157464212,18.0
21,40,office,0.9560327198364008,18.0
22,40,office,0.9588957055214724,18.0
23,40,office,0.9595092024539877,18.0
24,40,office,0.9560327198364008,18.0
0,40,office,0.9582822085889571,15.0
1,40,office,0.9560327198364008,15.0
2,40,office,0.9535787321063395,15.0
3,40,office,0.9568507157464212,15.0
4,40,office,0.9568507157464212,15.0
5,40,office,0.9607361963190184,15.0
6,40,office,0.9535787321063395,15.0
7,40,office,0.9593047034764827,15.0
8,40,office,0.9525562372188139,15.0
9,40,office,0.9552147239263804,15.0
10,40,office,0.9586912065439673,15.0
11,40,office,0.9556237218813906,15.0
12,40,office,0.9593047034764827,15.0
13,40,office,0.9572597137014315,15.0
14,40,office,0.9578732106339468,15.0
15,40,office,0.9595092024539877,15.0
16,40,office,0.9572597137014315,15.0
17,40,office,0.9564417177914111,15.0
18,40,office,0.9572597137014315,15.0
19,40,office,0.9548057259713701,15.0
20,40,office,0.9552147239263804,15.0
21,40,office,0.9562372188139059,15.0
22,40,office,0.9582822085889571,15.0
23,40,office,0.9580777096114519,15.0
24,40,office,0.9548057259713701,15.0
0,40,office,0.9572597137014315,12.0
1,40,office,0.9550102249488752,12.0
2,40,office,0.9521472392638037,12.0
3,40,office,0.9570552147239264,12.0
4,40,office,0.9543967280163599,12.0
5,40,office,0.9578732106339468,12.0
6,40,office,0.9527607361963191,12.0
7,40,office,0.9576687116564417,12.0
8,40,office,0.950920245398773,12.0
9,40,office,0.9543967280163599,12.0
10,40,office,0.9566462167689161,12.0
11,40,office,0.9543967280163599,12.0
12,40,office,0.9580777096114519,12.0
13,40,office,0.9556237218813906,12.0
14,40,office,0.9574642126789366,12.0
15,40,office,0.9548057259713701,12.0
16,40,office,0.9556237218813906,12.0
17,40,office,0.9552147239263804,12.0
18,40,office,0.9550102249488752,12.0
19,40,office,0.9525562372188139,12.0
20,40,office,0.9539877300613497,12.0
21,40,office,0.9505112474437628,12.0
22,40,office,0.9564417177914111,12.0
23,40,office,0.9570552147239264,12.0
24,40,office,0.9543967280163599,12.0
0,40,office,0.9529652351738241,9.0
1,40,office,0.9515337423312883,9.0
2,40,office,0.9507157464212679,9.0
3,40,office,0.9552147239263804,9.0
4,40,office,0.9507157464212679,9.0
5,40,office,0.9562372188139059,9.0
6,40,office,0.9498977505112475,9.0
7,40,office,0.9552147239263804,9.0
8,40,office,0.949079754601227,9.0
9,40,office,0.9523517382413088,9.0
10,40,office,0.9543967280163599,9.0
11,40,office,0.9492842535787321,9.0
12,40,office,0.9562372188139059,9.0
13,40,office,0.9535787321063395,9.0
14,40,office,0.9519427402862985,9.0
15,40,office,0.9533742331288344,9.0
16,40,office,0.9531697341513292,9.0
17,40,office,0.9531697341513292,9.0
18,40,office,0.9533742331288344,9.0
19,40,office,0.9496932515337423,9.0
20,40,office,0.9511247443762781,9.0
21,40,office,0.9486707566462168,9.0
22,40,office,0.9533742331288344,9.0
23,40,office,0.9552147239263804,9.0
24,40,office,0.9529652351738241,9.0
0,40,office,0.9521472392638037,6.0
1,40,office,0.9466257668711656,6.0
2,40,office,0.9486707566462168,6.0
3,40,office,0.9513292433537832,6.0
4,40,office,0.947239263803681,6.0
5,40,office,0.9533742331288344,6.0
6,40,office,0.9486707566462168,6.0
7,40,office,0.9521472392638037,6.0
8,40,office,0.9447852760736196,6.0
9,40,office,0.9494887525562372,6.0
10,40,office,0.9535787321063395,6.0
11,40,office,0.9445807770961145,6.0
12,40,office,0.9533742331288344,6.0
13,40,office,0.9513292433537832,6.0
14,40,office,0.947239263803681,6.0
15,40,office,0.9486707566462168,6.0
16,40,office,0.949079754601227,6.0
17,40,office,0.9503067484662576,6.0
18,40,office,0.9496932515337423,6.0
19,40,office,0.9482617586912065,6.0
20,40,office,0.9494887525562372,6.0
21,40,office,0.9478527607361963,6.0
22,40,office,0.9484662576687116,6.0
23,40,office,0.9531697341513292,6.0
24,40,office,0.9501022494887525,6.0
0,40,office,0.949079754601227,3.0
1,40,office,0.9441717791411043,3.0
2,40,office,0.9441717791411043,3.0
3,40,office,0.9488752556237219,3.0
4,40,office,0.9456032719836401,3.0
5,40,office,0.9474437627811861,3.0
6,40,office,0.9425357873210634,3.0
7,40,office,0.9429447852760736,3.0
8,40,office,0.941717791411043,3.0
9,40,office,0.9447852760736196,3.0
10,40,office,0.9464212678936605,3.0
11,40,office,0.9413087934560327,3.0
12,40,office,0.9484662576687116,3.0
13,40,office,0.9470347648261759,3.0
14,40,office,0.9443762781186094,3.0
15,40,office,0.9441717791411043,3.0
16,40,office,0.9441717791411043,3.0
17,40,office,0.9482617586912065,3.0
18,40,office,0.9466257668711656,3.0
19,40,office,0.943762781186094,3.0
20,40,office,0.945398773006135,3.0
21,40,office,0.943558282208589,3.0
22,40,office,0.9456032719836401,3.0
23,40,office,0.9501022494887525,3.0
24,40,office,0.9421267893660532,3.0
0,40,office,0.9415132924335379,0.0
1,40,office,0.9321063394683027,0.0
2,40,office,0.9406952965235174,0.0
3,40,office,0.9423312883435583,0.0
4,40,office,0.9402862985685072,0.0
5,40,office,0.9425357873210634,0.0
6,40,office,0.9355828220858896,0.0
7,40,office,0.9366053169734151,0.0
8,40,office,0.932719836400818,0.0
9,40,office,0.9378323108384458,0.0
10,40,office,0.9413087934560327,0.0
11,40,office,0.9347648261758691,0.0
12,40,office,0.9462167689161555,0.0
13,40,office,0.9439672801635992,0.0
14,40,office,0.943762781186094,0.0
15,40,office,0.939877300613497,0.0
16,40,office,0.9361963190184049,0.0
17,40,office,0.9425357873210634,0.0
18,40,office,0.9415132924335379,0.0
19,40,office,0.940081799591002,0.0
20,40,office,0.941717791411043,0.0
21,40,office,0.9396728016359919,0.0
22,40,office,0.9392638036809816,0.0
23,40,office,0.9439672801635992,0.0
24,40,office,0.93640081799591,0.0
0,40,office,0.9376278118609407,-3.0
1,40,office,0.9257668711656442,-3.0
2,40,office,0.9341513292433538,-3.0
3,40,office,0.9357873210633947,-3.0
4,40,office,0.9339468302658487,-3.0
5,40,office,0.9339468302658487,-3.0
6,40,office,0.930879345603272,-3.0
7,40,office,0.9292433537832311,-3.0
8,40,office,0.9267893660531697,-3.0
9,40,office,0.934560327198364,-3.0
10,40,office,0.9374233128834356,-3.0
11,40,office,0.9302658486707567,-3.0
12,40,office,0.9402862985685072,-3.0
13,40,office,0.9355828220858896,-3.0
14,40,office,0.9370143149284254,-3.0
15,40,office,0.9335378323108384,-3.0
16,40,office,0.9282208588957055,-3.0
17,40,office,0.9347648261758691,-3.0
18,40,office,0.9349693251533743,-3.0
19,40,office,0.934560327198364,-3.0
20,40,office,0.932719836400818,-3.0
21,40,office,0.9355828220858896,-3.0
22,40,office,0.9325153374233128,-3.0
23,40,office,0.9384458077709611,-3.0
24,40,office,0.932719836400818,-3.0
0,40,living,0.9597137014314928,24.0
1,40,living,0.9556237218813906,24.0
2,40,living,0.9586912065439673,24.0
3,40,living,0.9584867075664621,24.0
4,40,living,0.9566462167689161,24.0
5,40,living,0.961758691206544,24.0
6,40,living,0.9560327198364008,24.0
7,40,living,0.9588957055214724,24.0
8,40,living,0.9556237218813906,24.0
9,40,living,0.9562372188139059,24.0
10,40,living,0.9609406952965235,24.0
11,40,living,0.9576687116564417,24.0
12,40,living,0.9605316973415133,24.0
13,40,living,0.9591002044989775,24.0
14,40,living,0.9578732106339468,24.0
15,40,living,0.9611451942740287,24.0
16,40,living,0.9595092024539877,24.0
17,40,living,0.9591002044989775,24.0
18,40,living,0.9572597137014315,24.0
19,40,living,0.9568507157464212,24.0
20,40,living,0.9597137014314928,24.0
21,40,living,0.9586912065439673,24.0
22,40,living,0.9580777096114519,24.0
23,40,living,0.9591002044989775,24.0
24,40,living,0.9572597137014315,24.0
0,40,living,0.9601226993865031,21.0
1,40,living,0.9546012269938651,21.0
2,40,living,0.9578732106339468,21.0
3,40,living,0.9584867075664621,21.0
4,40,living,0.9546012269938651,21.0
5,40,living,0.9611451942740287,21.0
6,40,living,0.9543967280163599,21.0
7,40,living,0.9578732106339468,21.0
8,40,living,0.9533742331288344,21.0
9,40,living,0.9550102249488752,21.0
10,40,living,0.9570552147239264,21.0
11,40,living,0.9572597137014315,21.0
12,40,living,0.9591002044989775,21.0
13,40,living,0.9572597137014315,21.0
14,40,living,0.9558282208588957,21.0
15,40,living,0.9582822085889571,21.0
16,40,living,0.9591002044989775,21.0
17,40,living,0.9554192229038855,21.0
18,40,living,0.9554192229038855,21.0
19,40,living,0.9568507157464212,21.0
20,40,living,0.9578732106339468,21.0
21,40,living,0.9574642126789366,21.0
22,40,living,0.9576687116564417,21.0
23,40,living,0.9566462167689161,21.0
24,40,living,0.9552147239263804,21.0
0,40,living,0.9576687116564417,18.0
1,40,living,0.9527607361963191,18.0
2,40,living,0.9554192229038855,18.0
3,40,living,0.9556237218813906,18.0
4,40,living,0.9521472392638037,18.0
5,40,living,0.9605316973415133,18.0
6,40,living,0.9511247443762781,18.0
7,40,living,0.9543967280163599,18.0
8,40,living,0.9525562372188139,18.0
9,40,living,0.9521472392638037,18.0
10,40,living,0.9574642126789366,18.0
11,40,living,0.9558282208588957,18.0
12,40,living,0.9584867075664621,18.0
13,40,living,0.9552147239263804,18.0
14,40,living,0.9554192229038855,18.0
15,40,living,0.9539877300613497,18.0
16,40,living,0.9558282208588957,18.0
17,40,living,0.9560327198364008,18.0
18,40,living,0.9541922290388548,18.0
19,40,living,0.9541922290388548,18.0
20,40,living,0.9552147239263804,18.0
21,40,living,0.9556237218813906,18.0
22,40,living,0.9566462167689161,18.0
23,40,living,0.9566462167689161,18.0
24,40,living,0.9533742331288344,18.0
0,40,living,0.9548057259713701,15.0
1,40,living,0.949079754601227,15.0
2,40,living,0.9527607361963191,15.0
3,40,living,0.9527607361963191,15.0
4,40,living,0.9513292433537832,15.0
5,40,living,0.9552147239263804,15.0
6,40,living,0.9478527607361963,15.0
7,40,living,0.950920245398773,15.0
8,40,living,0.9470347648261759,15.0
9,40,living,0.9496932515337423,15.0
10,40,living,0.9556237218813906,15.0
11,40,living,0.9531697341513292,15.0
12,40,living,0.9531697341513292,15.0
13,40,living,0.9541922290388548,15.0
14,40,living,0.9511247443762781,15.0
15,40,living,0.9484662576687116,15.0
16,40,living,0.9531697341513292,15.0
17,40,living,0.9527607361963191,15.0
18,40,living,0.9505112474437628,15.0
19,40,living,0.9515337423312883,15.0
20,40,living,0.9525562372188139,15.0
21,40,living,0.9507157464212679,15.0
22,40,living,0.9523517382413088,15.0
23,40,living,0.9527607361963191,15.0
24,40,living,0.9498977505112475,15.0
0,40,living,0.950920245398773,12.0
1,40,living,0.9466257668711656,12.0
2,40,living,0.9484662576687116,12.0
3,40,living,0.950920245398773,12.0
4,40,living,0.9449897750511247,12.0
5,40,living,0.9519427402862985,12.0
6,40,living,0.945398773006135,12.0
7,40,living,0.9468302658486708,12.0
8,40,living,0.940081799591002,12.0
9,40,living,0.949079754601227,12.0
10,40,living,0.9515337423312883,12.0
11,40,living,0.947239263803681,12.0
12,40,living,0.9507157464212679,12.0
13,40,living,0.9507157464212679,12.0
14,40,living,0.945398773006135,12.0
15,40,living,0.9456032719836401,12.0
16,40,living,0.9482617586912065,12.0
17,40,living,0.9503067484662576,12.0
18,40,living,0.9478527607361963,12.0
19,40,living,0.9492842535787321,12.0
20,40,living,0.9484662576687116,12.0
21,40,living,0.9476482617586912,12.0
22,40,living,0.9492842535787321,12.0
23,40,living,0.9501022494887525,12.0
24,40,living,0.9484662576687116,12.0
0,40,living,0.9441717791411043,9.0
1,40,living,0.9421267893660532,9.0
2,40,living,0.9429447852760736,9.0
3,40,living,0.9466257668711656,9.0
4,40,living,0.9423312883435583,9.0
5,40,living,0.9470347648261759,9.0
6,40,living,0.9433537832310839,9.0
7,40,living,0.941922290388548,9.0
8,40,living,0.9372188139059304,9.0
9,40,living,0.9431492842535787,9.0
10,40,living,0.9447852760736196,9.0
11,40,living,0.9388548057259714,9.0
12,40,living,0.9445807770961145,9.0
13,40,living,0.9464212678936605,9.0
14,40,living,0.940081799591002,9.0
15,40,living,0.939877300613497,9.0
16,40,living,0.9425357873210634,9.0
17,40,living,0.9449897750511247,9.0
18,40,living,0.9462167689161555,9.0
19,40,living,0.941717791411043,9.0
20,40,living,0.943762781186094,9.0
21,40,living,0.9441717791411043,9.0
22,40,living,0.943762781186094,9.0
23,40,living,0.9458077709611452,9.0
24,40,living,0.9431492842535787,9.0
0,40,living,0.9372188139059304,6.0
1,40,living,0.9329243353783231,6.0
2,40,living,0.9349693251533743,6.0
3,40,living,0.940081799591002,6.0
4,40,living,0.9357873210633947,6.0
5,40,living,0.9396728016359919,6.0
6,40,living,0.9378323108384458,6.0
7,40,living,0.9341513292433538,6.0
8,40,living,0.9323108384458078,6.0
9,40,living,0.941717791411043,6.0
10,40,living,0.9378323108384458,6.0
11,40,living,0.9296523517382413,6.0
12,40,living,0.9374233128834356,6.0
13,40,living,0.938241308793456,6.0
14,40,living,0.9312883435582822,6.0
15,40,living,0.9333333333333333,6.0
16,40,living,0.9361963190184049,6.0
17,40,living,0.9378323108384458,6.0
18,40,living,0.9368098159509203,6.0
19,40,living,0.9339468302658487,6.0
20,40,living,0.93640081799591,6.0
21,40,living,0.9402862985685072,6.0
22,40,living,0.9374233128834356,6.0
23,40,living,0.940081799591002,6.0
24,40,living,0.9361963190184049,6.0
0,40,living,0.9257668711656442,3.0
1,40,living,0.9218813905930471,3.0
2,40,living,0.9216768916155419,3.0
3,40,living,0.9286298568507158,3.0
4,40,living,0.9255623721881391,3.0
5,40,living,0.9302658486707567,3.0
6,40,living,0.9280163599182004,3.0
7,40,living,0.9220858895705522,3.0
8,40,living,0.9204498977505112,3.0
9,40,living,0.9257668711656442,3.0
10,40,living,0.9210633946830266,3.0
11,40,living,0.9212678936605317,3.0
12,40,living,0.9212678936605317,3.0
13,40,living,0.9269938650306748,3.0
14,40,living,0.9171779141104295,3.0
15,40,living,0.9231083844580777,3.0
16,40,living,0.9239263803680982,3.0
17,40,living,0.9274028629856851,3.0
18,40,living,0.9263803680981595,3.0
19,40,living,0.9229038854805726,3.0
20,40,living,0.9243353783231084,3.0
21,40,living,0.9296523517382413,3.0
22,40,living,0.9282208588957055,3.0
23,40,living,0.9267893660531697,3.0
24,40,living,0.9239263803680982,3.0
0,40,living,0.907157464212679,0.0
1,40,living,0.9096114519427403,0.0
2,40,living,0.9044989775051124,0.0
3,40,living,0.912678936605317,0.0
4,40,living,0.9044989775051124,0.0
5,40,living,0.90920245398773,0.0
6,40,living,0.911042944785276,0.0
7,40,living,0.9020449897750511,0.0
8,40,living,0.903680981595092,0.0
9,40,living,0.9112474437627812,0.0
10,40,living,0.9040899795501023,0.0
11,40,living,0.9079754601226994,0.0
12,40,living,0.9077709611451943,0.0
13,40,living,0.90920245398773,0.0
14,40,living,0.8903885480572598,0.0
15,40,living,0.905521472392638,0.0
16,40,living,0.9114519427402863,0.0
17,40,living,0.9081799591002045,0.0
18,40,living,0.907157464212679,0.0
19,40,living,0.907157464212679,0.0
20,40,living,0.9063394683026584,0.0
21,40,living,0.911042944785276,0.0
22,40,living,0.9063394683026584,0.0
23,40,living,0.912883435582822,0.0
24,40,living,0.9065439672801636,0.0
0,40,living,0.8834355828220859,-3.0
1,40,living,0.8815950920245399,-3.0
2,40,living,0.8775051124744376,-3.0
3,40,living,0.8883435582822086,-3.0
4,40,living,0.8828220858895706,-3.0
5,40,living,0.8797546012269939,-3.0
6,40,living,0.8809815950920246,-3.0
7,40,living,0.8713701431492843,-3.0
8,40,living,0.8768916155419223,-3.0
9,40,living,0.8871165644171779,-3.0
10,40,living,0.8760736196319019,-3.0
11,40,living,0.8844580777096115,-3.0
12,40,living,0.8797546012269939,-3.0
13,40,living,0.879959100204499,-3.0
14,40,living,0.8533742331288343,-3.0
15,40,living,0.868916155419223,-3.0
16,40,living,0.8871165644171779,-3.0
17,40,living,0.8871165644171779,-3.0
18,40,living,0.876278118609407,-3.0
19,40,living,0.8846625766871166,-3.0
20,40,living,0.8752556237218814,-3.0
21,40,living,0.8846625766871166,-3.0
22,40,living,0.878323108384458,-3.0
23,40,living,0.8899795501022495,-3.0
24,40,living,0.883640081799591,-3.0
0,60,white,0.9480572597137015,24.0
1,60,white,0.9480572597137015,24.0
2,60,white,0.9501022494887525,24.0
3,60,white,0.9496932515337423,24.0
4,60,white,0.9466257668711656,24.0
5,60,white,0.9498977505112475,24.0
6,60,white,0.9451942740286299,24.0
7,60,white,0.9464212678936605,24.0
8,60,white,0.9466257668711656,24.0
9,60,white,0.9496932515337423,24.0
10,60,white,0.9521472392638037,24.0
11,60,white,0.9550102249488752,24.0
12,60,white,0.9498977505112475,24.0
13,60,white,0.9439672801635992,24.0
14,60,white,0.9486707566462168,24.0
15,60,white,0.9480572597137015,24.0
16,60,white,0.9484662576687116,24.0
17,60,white,0.9480572597137015,24.0
18,60,white,0.9447852760736196,24.0
19,60,white,0.9478527607361963,24.0
20,60,white,0.9513292433537832,24.0
21,60,white,0.9488752556237219,24.0
22,60,white,0.9517382413087935,24.0
23,60,white,0.9482617586912065,24.0
24,60,white,0.9470347648261759,24.0
0,60,white,0.9423312883435583,21.0
1,60,white,0.9423312883435583,21.0
2,60,white,0.947239263803681,21.0
3,60,white,0.9439672801635992,21.0
4,60,white,0.9421267893660532,21.0
5,60,white,0.9456032719836401,21.0
6,60,white,0.9404907975460123,21.0
7,60,white,0.9425357873210634,21.0
8,60,white,0.9447852760736196,21.0
9,60,white,0.9429447852760736,21.0
10,60,white,0.9462167689161555,21.0
11,60,white,0.9498977505112475,21.0
12,60,white,0.9449897750511247,21.0
13,60,white,0.9449897750511247,21.0
14,60,white,0.941922290388548,21.0
15,60,white,0.945398773006135,21.0
16,60,white,0.9447852760736196,21.0
17,60,white,0.9451942740286299,21.0
18,60,white,0.9386503067484663,21.0
19,60,white,0.9451942740286299,21.0
20,60,white,0.9468302658486708,21.0
21,60,white,0.943558282208589,21.0
22,60,white,0.9468302658486708,21.0
23,60,white,0.9445807770961145,21.0
24,60,white,0.9427402862985685,21.0
0,60,white,0.9408997955010225,18.0
1,60,white,0.940081799591002,18.0
2,60,white,0.9423312883435583,18.0
3,60,white,0.941717791411043,18.0
4,60,white,0.9427402862985685,18.0
5,60,white,0.940081799591002,18.0
6,60,white,0.938241308793456,18.0
7,60,white,0.9390593047034764,18.0
8,60,white,0.938241308793456,18.0
9,60,white,0.9411042944785276,18.0
10,60,white,0.9402862985685072,18.0
11,60,white,0.945398773006135,18.0
12,60,white,0.9406952965235174,18.0
13,60,white,0.941717791411043,18.0
14,60,white,0.9388548057259714,18.0
15,60,white,0.9404907975460123,18.0
16,60,white,0.941922290388548,18.0
17,60,white,0.9421267893660532,18.0
18,60,white,0.9341513292433538,18.0
19,60,white,0.938241308793456,18.0
20,60,white,0.939877300613497,18.0
21,60,white,0.9378323108384458,18.0
22,60,white,0.9408997955010225,18.0
23,60,white,0.941717791411043,18.0
24,60,white,0.9421267893660532,18.0
0,60,white,0.932719836400818,15.0
1,60,white,0.9341513292433538,15.0
2,60,white,0.9359918200408998,15.0
3,60,white,0.9368098159509203,15.0
4,60,white,0.9306748466257668,15.0
5,60,white,0.9335378323108384,15.0
6,60,white,0.9294478527607362,15.0
7,60,white,0.9312883435582822,15.0
8,60,white,0.9319018404907975,15.0
9,60,white,0.9341513292433538,15.0
10,60,white,0.9359918200408998,15.0
11,60,white,0.9396728016359919,15.0
12,60,white,0.9339468302658487,15.0
13,60,white,0.9331288343558283,15.0
14,60,white,0.9316973415132924,15.0
15,60,white,0.9343558282208589,15.0
16,60,white,0.9361963190184049,15.0
17,60,white,0.9331288343558283,15.0
18,60,white,0.92719836400818,15.0
19,60,white,0.930879345603272,15.0
20,60,white,0.9343558282208589,15.0
21,60,white,0.9337423312883436,15.0
22,60,white,0.932719836400818,15.0
23,60,white,0.9355828220858896,15.0
24,60,white,0.930879345603272,15.0
0,60,white,0.9267893660531697,12.0
1,60,white,0.9257668711656442,12.0
2,60,white,0.9296523517382413,12.0
3,60,white,0.9235173824130879,12.0
4,60,white,0.9216768916155419,12.0
5,60,white,0.9239263803680982,12.0
6,60,white,0.9175869120654396,12.0
7,60,white,0.9269938650306748,12.0
8,60,white,0.9204498977505112,12.0
9,60,white,0.9280163599182004,12.0
10,60,white,0.9241308793456032,12.0
11,60,white,0.9296523517382413,12.0
12,60,white,0.9276073619631902,12.0
13,60,white,0.9278118609406953,12.0
14,60,white,0.9265848670756647,12.0
15,60,white,0.9249488752556237,12.0
16,60,white,0.9251533742331288,12.0
17,60,white,0.9239263803680982,12.0
18,60,white,0.9188139059304703,12.0
19,60,white,0.9245398773006135,12.0
20,60,white,0.9267893660531697,12.0
21,60,white,0.9241308793456032,12.0
22,60,white,0.9261758691206544,12.0
23,60,white,0.9243353783231084,12.0
24,60,white,0.9241308793456032,12.0
0,60,white,0.9130879345603272,9.0
1,60,white,0.9177914110429448,9.0
2,60,white,0.9157464212678936,9.0
3,60,white,0.9139059304703476,9.0
4,60,white,0.912678936605317,9.0
5,60,white,0.9124744376278119,9.0
6,60,white,0.907157464212679,9.0
7,60,white,0.9132924335378323,9.0
8,60,white,0.9173824130879346,9.0
9,60,white,0.9175869120654396,9.0
10,60,white,0.9137014314928426,9.0
11,60,white,0.9165644171779141,9.0
12,60,white,0.918200408997955,9.0
13,60,white,0.9137014314928426,9.0
14,60,white,0.9167689161554192,9.0
15,60,white,0.9177914110429448,9.0
16,60,white,0.9169734151329243,9.0
17,60,white,0.914519427402863,9.0
18,60,white,0.9077709611451943,9.0
19,60,white,0.9141104294478528,9.0
20,60,white,0.916359918200409,9.0
21,60,white,0.916359918200409,9.0
22,60,white,0.916359918200409,9.0
23,60,white,0.914519427402863,9.0
24,60,white,0.9102249488752556,9.0
0,60,white,0.8971370143149284,6.0
1,60,white,0.8959100204498978,6.0
2,60,white,0.903476482617587,6.0
3,60,white,0.9002044989775051,6.0
4,60,white,0.901635991820041,6.0
5,60,white,0.8973415132924335,6.0
6,60,white,0.894478527607362,6.0
7,60,white,0.8983640081799591,6.0
8,60,white,0.8993865030674847,6.0
9,60,white,0.9042944785276074,6.0
10,60,white,0.9040899795501023,6.0
11,60,white,0.905316973415133,6.0
12,60,white,0.8977505112474438,6.0
13,60,white,0.9026584867075664,6.0
14,60,white,0.9032719836400818,6.0
15,60,white,0.9024539877300614,6.0
16,60,white,0.9020449897750511,6.0
17,60,white,0.9044989775051124,6.0
18,60,white,0.8950920245398774,6.0
19,60,white,0.9006134969325154,6.0
20,60,white,0.8989775051124744,6.0
21,60,white,0.8991820040899795,6.0
22,60,white,0.9020449897750511,6.0
23,60,white,0.9014314928425358,6.0
24,60,white,0.8995910020449898,6.0
0,60,white,0.8748466257668711,3.0
1,60,white,0.8770961145194274,3.0
2,60,white,0.8820040899795502,3.0
3,60,white,0.8775051124744376,3.0
4,60,white,0.8822085889570552,3.0
5,60,white,0.8760736196319019,3.0
6,60,white,0.8805725971370143,3.0
7,60,white,0.8871165644171779,3.0
8,60,white,0.8846625766871166,3.0
9,60,white,0.8852760736196319,3.0
10,60,white,0.8822085889570552,3.0
11,60,white,0.8809815950920246,3.0
12,60,white,0.8811860940695296,3.0
13,60,white,0.885480572597137,3.0
14,60,white,0.8865030674846626,3.0
15,60,white,0.8903885480572598,3.0
16,60,white,0.8850715746421268,3.0
17,60,white,0.8852760736196319,3.0
18,60,white,0.8719836400817996,3.0
19,60,white,0.8803680981595092,3.0
20,60,white,0.8832310838445808,3.0
21,60,white,0.8822085889570552,3.0
22,60,white,0.8807770961145194,3.0
23,60,white,0.883640081799591,3.0
24,60,white,0.8834355828220859,3.0
0,60,white,0.852760736196319,0.0
1,60,white,0.8523517382413088,0.0
2,60,white,0.8580777096114519,0.0
3,60,white,0.8566462167689162,0.0
4,60,white,0.8556237218813906,0.0
5,60,white,0.8537832310838446,0.0
6,60,white,0.8611451942740286,0.0
7,60,white,0.8627811860940695,0.0
8,60,white,0.8523517382413088,0.0
9,60,white,0.8631901840490798,0.0
10,60,white,0.8595092024539878,0.0
11,60,white,0.8597137014314928,0.0
12,60,white,0.8601226993865031,0.0
13,60,white,0.8615541922290388,0.0
14,60,white,0.8570552147239264,0.0
15,60,white,0.8646216768916155,0.0
16,60,white,0.8584867075664622,0.0
17,60,white,0.8558282208588958,0.0
18,60,white,0.8462167689161554,0.0
19,60,white,0.8537832310838446,0.0
20,60,white,0.8580777096114519,0.0
21,60,white,0.8566462167689162,0.0
22,60,white,0.8603271983640082,0.0
23,60,white,0.8597137014314928,0.0
24,60,white,0.8599182004089979,0.0
0,60,white,0.8030674846625767,-3.0
1,60,white,0.8134969325153374,-3.0
2,60,white,0.8206543967280163,-3.0
3,60,white,0.8122699386503067,-3.0
4,60,white,0.8155419222903886,-3.0
5,60,white,0.8151329243353783,-3.0
6,60,white,0.812678936605317,-3.0
7,60,white,0.8261758691206544,-3.0
8,60,white,0.8179959100204499,-3.0
9,60,white,0.8194274028629857,-3.0
10,60,white,0.810838445807771,-3.0
11,60,white,0.8198364008179959,-3.0
12,60,white,0.8118609406952966,-3.0
13,60,white,0.8222903885480572,-3.0
14,60,white,0.8184049079754602,-3.0
15,60,white,0.8206543967280163,-3.0
16,60,white,0.8149284253578732,-3.0
17,60,white,0.8204498977505112,-3.0
18,60,white,0.8094069529652351,-3.0
19,60,white,0.8122699386503067,-3.0
20,60,white,0.8137014314928426,-3.0
21,60,white,0.8159509202453987,-3.0
22,60,white,0.8192229038854806,-3.0
23,60,white,0.8147239263803681,-3.0
24,60,white,0.8165644171779141,-3.0
0,60,pink,0.9449897750511247,24.0
1,60,pink,0.9505112474437628,24.0
2,60,pink,0.9531697341513292,24.0
3,60,pink,0.9470347648261759,24.0
4,60,pink,0.945398773006135,24.0
5,60,pink,0.9501022494887525,24.0
6,60,pink,0.9439672801635992,24.0
7,60,pink,0.9501022494887525,24.0
8,60,pink,0.9470347648261759,24.0
9,60,pink,0.9501022494887525,24.0
10,60,pink,0.9515337423312883,24.0
11,60,pink,0.9507157464212679,24.0
12,60,pink,0.9468302658486708,24.0
13,60,pink,0.9484662576687116,24.0
14,60,pink,0.949079754601227,24.0
15,60,pink,0.9494887525562372,24.0
16,60,pink,0.9519427402862985,24.0
17,60,pink,0.9476482617586912,24.0
18,60,pink,0.9415132924335379,24.0
19,60,pink,0.9476482617586912,24.0
20,60,pink,0.9513292433537832,24.0
21,60,pink,0.9486707566462168,24.0
22,60,pink,0.9484662576687116,24.0
23,60,pink,0.9492842535787321,24.0
24,60,pink,0.947239263803681,24.0
0,60,pink,0.9427402862985685,21.0
1,60,pink,0.945398773006135,21.0
2,60,pink,0.9486707566462168,21.0
3,60,pink,0.9445807770961145,21.0
4,60,pink,0.9425357873210634,21.0
5,60,pink,0.9468302658486708,21.0
6,60,pink,0.938241308793456,21.0
7,60,pink,0.9441717791411043,21.0
8,60,pink,0.9439672801635992,21.0
9,60,pink,0.943762781186094,21.0
10,60,pink,0.9470347648261759,21.0
11,60,pink,0.947239263803681,21.0
12,60,pink,0.943762781186094,21.0
13,60,pink,0.9425357873210634,21.0
14,60,pink,0.9406952965235174,21.0
15,60,pink,0.9439672801635992,21.0
16,60,pink,0.9470347648261759,21.0
17,60,pink,0.9466257668711656,21.0
18,60,pink,0.9396728016359919,21.0
19,60,pink,0.943762781186094,21.0
20,60,pink,0.9458077709611452,21.0
21,60,pink,0.9441717791411043,21.0
22,60,pink,0.9470347648261759,21.0
23,60,pink,0.9441717791411043,21.0
24,60,pink,0.9433537832310839,21.0
0,60,pink,0.9368098159509203,18.0
1,60,pink,0.9406952965235174,18.0
2,60,pink,0.945398773006135,18.0
3,60,pink,0.9376278118609407,18.0
4,60,pink,0.9374233128834356,18.0
5,60,pink,0.9431492842535787,18.0
6,60,pink,0.9347648261758691,18.0
7,60,pink,0.9374233128834356,18.0
8,60,pink,0.9370143149284254,18.0
9,60,pink,0.9392638036809816,18.0
10,60,pink,0.9421267893660532,18.0
11,60,pink,0.9408997955010225,18.0
12,60,pink,0.9368098159509203,18.0
13,60,pink,0.938036809815951,18.0
14,60,pink,0.9359918200408998,18.0
15,60,pink,0.9423312883435583,18.0
16,60,pink,0.9404907975460123,18.0
17,60,pink,0.9408997955010225,18.0
18,60,pink,0.934560327198364,18.0
19,60,pink,0.9396728016359919,18.0
20,60,pink,0.9411042944785276,18.0
21,60,pink,0.9386503067484663,18.0
22,60,pink,0.9388548057259714,18.0
23,60,pink,0.9394683026584867,18.0
24,60,pink,0.938241308793456,18.0
0,60,pink,0.9292433537832311,15.0
1,60,pink,0.9321063394683027,15.0
2,60,pink,0.9349693251533743,15.0
3,60,pink,0.9339468302658487,15.0
4,60,pink,0.9296523517382413,15.0
5,60,pink,0.9296523517382413,15.0
6,60,pink,0.9261758691206544,15.0
7,60,pink,0.930879345603272,15.0
8,60,pink,0.9288343558282208,15.0
9,60,pink,0.9314928425357873,15.0
10,60,pink,0.932719836400818,15.0
11,60,pink,0.9361963190184049,15.0
12,60,pink,0.9310838445807771,15.0
13,60,pink,0.9337423312883436,15.0
14,60,pink,0.9306748466257668,15.0
15,60,pink,0.932719836400818,15.0
16,60,pink,0.9302658486707567,15.0
17,60,pink,0.9296523517382413,15.0
18,60,pink,0.9280163599182004,15.0
19,60,pink,0.930879345603272,15.0
20,60,pink,0.9333333333333333,15.0
21,60,pink,0.9333333333333333,15.0
22,60,pink,0.9339468302658487,15.0
23,60,pink,0.9366053169734151,15.0
24,60,pink,0.9319018404907975,15.0
0,60,pink,0.9188139059304703,12.0
1,60,pink,0.9249488752556237,12.0
2,60,pink,0.9249488752556237,12.0
3,60,pink,0.9202453987730062,12.0
4,60,pink,0.9198364008179959,12.0
5,60,pink,0.9206543967280164,12.0
6,60,pink,0.9169734151329243,12.0
7,60,pink,0.9237218813905931,12.0
8,60,pink,0.9235173824130879,12.0
9,60,pink,0.9208588957055215,12.0
10,60,pink,0.9202453987730062,12.0
11,60,pink,0.9235173824130879,12.0
12,60,pink,0.9231083844580777,12.0
13,60,pink,0.9210633946830266,12.0
14,60,pink,0.9222903885480572,12.0
15,60,pink,0.9245398773006135,12.0
16,60,pink,0.9231083844580777,12.0
17,60,pink,0.9267893660531697,12.0
18,60,pink,0.9167689161554192,12.0
19,60,pink,0.918200408997955,12.0
20,60,pink,0.9239263803680982,12.0
21,60,pink,0.9190184049079755,12.0
22,60,pink,0.9231083844580777,12.0
23,60,pink,0.9255623721881391,12.0
24,60,pink,0.9222903885480572,12.0
0,60,pink,0.905521472392638,9.0
1,60,pink,0.9132924335378323,9.0
2,60,pink,0.9112474437627812,9.0
3,60,pink,0.9042944785276074,9.0
4,60,pink,0.9079754601226994,9.0
5,60,pink,0.9049079754601227,9.0
6,60,pink,0.905521472392638,9.0
7,60,pink,0.9051124744376278,9.0
8,60,pink,0.9059304703476483,9.0
9,60,pink,0.9040899795501023,9.0
10,60,pink,0.908997955010225,9.0
11,60,pink,0.9098159509202454,9.0
12,60,pink,0.9081799591002045,9.0
13,60,pink,0.9130879345603272,9.0
14,60,pink,0.9116564417177914,9.0
15,60,pink,0.9100204498977505,9.0
16,60,pink,0.90920245398773,9.0
17,60,pink,0.9118609406952966,9.0
18,60,pink,0.9020449897750511,9.0
19,60,pink,0.9079754601226994,9.0
20,60,pink,0.9100204498977505,9.0
21,60,pink,0.9032719836400818,9.0
22,60,pink,0.911042944785276,9.0
23,60,pink,0.903680981595092,9.0
24,60,pink,0.9118609406952966,9.0
0,60,pink,0.8924335378323108,6.0
1,60,pink,0.8920245398773006,6.0
2,60,pink,0.8916155419222904,6.0
3,60,pink,0.8897750511247444,6.0
4,60,pink,0.8881390593047035,6.0
5,60,pink,0.8883435582822086,6.0
6,60,pink,0.8893660531697342,6.0
7,60,pink,0.8918200408997955,6.0
8,60,pink,0.8875255623721882,6.0
9,60,pink,0.8905930470347648,6.0
10,60,pink,0.8955010224948875,6.0
11,60,pink,0.8899795501022495,6.0
12,60,pink,0.8907975460122699,6.0
13,60,pink,0.8928425357873211,6.0
14,60,pink,0.8907975460122699,6.0
15,60,pink,0.8936605316973415,6.0
16,60,pink,0.8928425357873211,6.0
17,60,pink,0.8916155419222904,6.0
18,60,pink,0.8865030674846626,6.0
19,60,pink,0.8891615541922291,6.0
20,60,pink,0.8920245398773006,6.0
21,60,pink,0.8885480572597138,6.0
22,60,pink,0.896319018404908,6.0
23,60,pink,0.8936605316973415,6.0
24,60,pink,0.8918200408997955,6.0
0,60,pink,0.8560327198364008,3.0
1,60,pink,0.8558282208588958,3.0
2,60,pink,0.8629856850715747,3.0
3,60,pink,0.8595092024539878,3.0
4,60,pink,0.8586912065439672,3.0
5,60,pink,0.8605316973415132,3.0
6,60,pink,0.8644171779141104,3.0
7,60,pink,0.8660531697341514,3.0
8,60,pink,0.8582822085889571,3.0
9,60,pink,0.8629856850715747,3.0
10,60,pink,0.8607361963190184,3.0
11,60,pink,0.8656441717791411,3.0
12,60,pink,0.8591002044989775,3.0
13,60,pink,0.869120654396728,3.0
14,60,pink,0.8662576687116564,3.0
15,60,pink,0.8629856850715747,3.0
16,60,pink,0.8656441717791411,3.0
17,60,pink,0.8638036809815951,3.0
18,60,pink,0.8570552147239264,3.0
19,60,pink,0.8646216768916155,3.0
20,60,pink,0.8650306748466258,3.0
21,60,pink,0.8644171779141104,3.0
22,60,pink,0.8640081799591002,3.0
23,60,pink,0.8603271983640082,3.0
24,60,pink,0.8623721881390594,3.0
0,60,pink,0.8202453987730062,0.0
1,60,pink,0.8245398773006135,0.0
2,60,pink,0.8278118609406953,0.0
3,60,pink,0.821881390593047,0.0
4,60,pink,0.8179959100204499,0.0
5,60,pink,0.8194274028629857,0.0
6,60,pink,0.8202453987730062,0.0
7,60,pink,0.8278118609406953,0.0
8,60,pink,0.8300613496932515,0.0
9,60,pink,0.8214723926380368,0.0
10,60,pink,0.8261758691206544,0.0
11,60,pink,0.8263803680981595,0.0
12,60,pink,0.8208588957055215,0.0
13,60,pink,0.8282208588957055,0.0
14,60,pink,0.820040899795501,0.0
15,60,pink,0.8206543967280163,0.0
16,60,pink,0.8229038854805726,0.0
17,60,pink,0.8335378323108384,0.0
18,60,pink,0.8169734151329243,0.0
19,60,pink,0.8288343558282208,0.0
20,60,pink,0.8276073619631902,0.0
21,60,pink,0.8249488752556238,0.0
22,60,pink,0.8226993865030675,0.0
23,60,pink,0.8288343558282208,0.0
24,60,pink,0.821881390593047,0.0
0,60,pink,0.7572597137014315,-3.0
1,60,pink,0.7648261758691206,-3.0
2,60,pink,0.7658486707566462,-3.0
3,60,pink,0.7674846625766871,-3.0
4,60,pink,0.7664621676891615,-3.0
5,60,pink,0.7631901840490798,-3.0
6,60,pink,0.767280163599182,-3.0
7,60,pink,0.767280163599182,-3.0
8,60,pink,0.7654396728016359,-3.0
9,60,pink,0.7719836400817995,-3.0
10,60,pink,0.7680981595092025,-3.0
11,60,pink,0.7738241308793457,-3.0
12,60,pink,0.7642126789366053,-3.0
13,60,pink,0.7736196319018405,-3.0
14,60,pink,0.7627811860940695,-3.0
15,60,pink,0.7752556237218814,-3.0
16,60,pink,0.7617586912065439,-3.0
17,60,pink,0.7717791411042945,-3.0
18,60,pink,0.7605316973415133,-3.0
19,60,pink,0.7586912065439673,-3.0
20,60,pink,0.7715746421267894,-3.0
21,60,pink,0.7638036809815951,-3.0
22,60,pink,0.7707566462167689,-3.0
23,60,pink,0.767280163599182,-3.0
24,60,pink,0.7648261758691206,-3.0
0,60,babble,0.9554192229038855,24.0
1,60,babble,0.9564417177914111,24.0
2,60,babble,0.9572597137014315,24.0
3,60,babble,0.9558282208588957,24.0
4,60,babble,0.9523517382413088,24.0
5,60,babble,0.9605316973415133,24.0
6,60,babble,0.9548057259713701,24.0
7,60,babble,0.9574642126789366,24.0
8,60,babble,0.9539877300613497,24.0
9,60,babble,0.9560327198364008,24.0
10,60,babble,0.9566462167689161,24.0
11,60,babble,0.959918200408998,24.0
12,60,babble,0.9554192229038855,24.0
13,60,babble,0.9570552147239264,24.0
14,60,babble,0.9591002044989775,24.0
15,60,babble,0.9568507157464212,24.0
16,60,babble,0.9574642126789366,24.0
17,60,babble,0.9568507157464212,24.0
18,60,babble,0.9517382413087935,24.0
19,60,babble,0.9576687116564417,24.0
20,60,babble,0.9570552147239264,24.0
21,60,babble,0.9562372188139059,24.0
22,60,babble,0.9584867075664621,24.0
23,60,babble,0.9568507157464212,24.0
24,60,babble,0.9566462167689161,24.0
0,60,babble,0.9527607361963191,21.0
1,60,babble,0.9525562372188139,21.0
2,60,babble,0.9537832310838446,21.0
3,60,babble,0.9539877300613497,21.0
4,60,babble,0.9529652351738241,21.0
5,60,babble,0.9603271983640081,21.0
6,60,babble,0.9533742331288344,21.0
7,60,babble,0.9548057259713701,21.0
8,60,babble,0.9523517382413088,21.0
9,60,babble,0.9539877300613497,21.0
10,60,babble,0.9570552147239264,21.0
11,60,babble,0.9560327198364008,21.0
12,60,babble,0.9527607361963191,21.0
13,60,babble,0.9543967280163599,21.0
14,60,babble,0.9560327198364008,21.0
15,60,babble,0.9552147239263804,21.0
16,60,babble,0.9564417177914111,21.0
17,60,babble,0.9519427402862985,21.0
18,60,babble,0.9507157464212679,21.0
19,60,babble,0.9546012269938651,21.0
20,60,babble,0.9566462167689161,21.0
21,60,babble,0.9533742331288344,21.0
22,60,babble,0.9562372188139059,21.0
23,60,babble,0.9529652351738241,21.0
24,60,babble,0.9562372188139059,21.0
0,60,babble,0.9494887525562372,18.0
1,60,babble,0.9519427402862985,18.0
2,60,babble,0.9501022494887525,18.0
3,60,babble,0.9486707566462168,18.0
4,60,babble,0.9521472392638037,18.0
5,60,babble,0.9572597137014315,18.0
6,60,babble,0.9492842535787321,18.0
7,60,babble,0.9529652351738241,18.0
8,60,babble,0.9496932515337423,18.0
9,60,babble,0.9527607361963191,18.0
10,60,babble,0.9541922290388548,18.0
11,60,babble,0.9548057259713701,18.0
12,60,babble,0.949079754601227,18.0
13,60,babble,0.9523517382413088,18.0
14,60,babble,0.9537832310838446,18.0
15,60,babble,0.9513292433537832,18.0
16,60,babble,0.9519427402862985,18.0
17,60,babble,0.9480572597137015,18.0
18,60,babble,0.9494887525562372,18.0
19,60,babble,0.9515337423312883,18.0
20,60,babble,0.9537832310838446,18.0
21,60,babble,0.9511247443762781,18.0
22,60,babble,0.9543967280163599,18.0
23,60,babble,0.9496932515337423,18.0
24,60,babble,0.9527607361963191,18.0
0,60,babble,0.9464212678936605,15.0
1,60,babble,0.9468302658486708,15.0
2,60,babble,0.9470347648261759,15.0
3,60,babble,0.9441717791411043,15.0
4,60,babble,0.9441717791411043,15.0
5,60,babble,0.9501022494887525,15.0
6,60,babble,0.9449897750511247,15.0
7,60,babble,0.9478527607361963,15.0
8,60,babble,0.9466257668711656,15.0
9,60,babble,0.949079754601227,15.0
10,60,babble,0.949079754601227,15.0
11,60,babble,0.9503067484662576,15.0
12,60,babble,0.9456032719836401,15.0
13,60,babble,0.9470347648261759,15.0
14,60,babble,0.9484662576687116,15.0
15,60,babble,0.9468302658486708,15.0
16,60,babble,0.9480572597137015,15.0
17,60,babble,0.943558282208589,15.0
18,60,babble,0.9466257668711656,15.0
19,60,babble,0.9482617586912065,15.0
20,60,babble,0.9466257668711656,15.0
21,60,babble,0.9456032719836401,15.0
22,60,babble,0.9498977505112475,15.0
23,60,babble,0.9460122699386503,15.0
24,60,babble,0.945398773006135,15.0
0,60,babble,0.9376278118609407,12.0
1,60,babble,0.9390593047034764,12.0
2,60,babble,0.9394683026584867,12.0
3,60,babble,0.9357873210633947,12.0
4,60,babble,0.9374233128834356,12.0
5,60,babble,0.9441717791411043,12.0
6,60,babble,0.9357873210633947,12.0
7,60,babble,0.9386503067484663,12.0
8,60,babble,0.9427402862985685,12.0
9,60,babble,0.9404907975460123,12.0
10,60,babble,0.9431492842535787,12.0
11,60,babble,0.9425357873210634,12.0
12,60,babble,0.9404907975460123,12.0
13,60,babble,0.9378323108384458,12.0
14,60,babble,0.9390593047034764,12.0
15,60,babble,0.9415132924335379,12.0
16,60,babble,0.9402862985685072,12.0
17,60,babble,0.9333333333333333,12.0
18,60,babble,0.9392638036809816,12.0
19,60,babble,0.939877300613497,12.0
20,60,babble,0.9390593047034764,12.0
21,60,babble,0.9372188139059304,12.0
22,60,babble,0.9374233128834356,12.0
23,60,babble,0.9378323108384458,12.0
24,60,babble,0.9402862985685072,12.0
0,60,babble,0.9274028629856851,9.0
1,60,babble,0.9294478527607362,9.0
2,60,babble,0.9284253578732107,9.0
3,60,babble,0.9280163599182004,9.0
4,60,babble,0.9245398773006135,9.0
5,60,babble,0.9331288343558283,9.0
6,60,babble,0.9259713701431492,9.0
7,60,babble,0.9284253578732107,9.0
8,60,babble,0.9319018404907975,9.0
9,60,babble,0.9302658486707567,9.0
10,60,babble,0.9339468302658487,9.0
11,60,babble,0.9294478527607362,9.0
12,60,babble,0.9269938650306748,9.0
13,60,babble,0.9300613496932515,9.0
14,60,babble,0.9294478527607362,9.0
15,60,babble,0.9300613496932515,9.0
16,60,babble,0.9294478527607362,9.0
17,60,babble,0.9284253578732107,9.0
18,60,babble,0.9284253578732107,9.0
19,60,babble,0.9310838445807771,9.0
20,60,babble,0.9296523517382413,9.0
21,60,babble,0.9274028629856851,9.0
22,60,babble,0.9204498977505112,9.0
23,60,babble,0.92719836400818,9.0
24,60,babble,0.9314928425357873,9.0
0,60,babble,0.9120654396728016,6.0
1,60,babble,0.9137014314928426,6.0
2,60,babble,0.9151329243353783,6.0
3,60,babble,0.9153374233128835,6.0
4,60,babble,0.911042944785276,6.0
5,60,babble,0.9149284253578732,6.0
6,60,babble,0.9102249488752556,6.0
7,60,babble,0.911042944785276,6.0
8,60,babble,0.9137014314928426,6.0
9,60,babble,0.9184049079754601,6.0
10,60,babble,0.9175869120654396,6.0
11,60,babble,0.9132924335378323,6.0
12,60,babble,0.9134969325153375,6.0
13,60,babble,0.914519427402863,6.0
14,60,babble,0.9120654396728016,6.0
15,60,babble,0.9184049079754601,6.0
16,60,babble,0.9151329243353783,6.0
17,60,babble,0.9120654396728016,6.0
18,60,babble,0.9139059304703476,6.0
19,60,babble,0.9122699386503067,6.0
20,60,babble,0.9149284253578732,6.0
21,60,babble,0.9141104294478528,6.0
22,60,babble,0.908997955010225,6.0
23,60,babble,0.9114519427402863,6.0
24,60,babble,0.9149284253578732,6.0
0,60,babble,0.8865030674846626,3.0
1,60,babble,0.8858895705521472,3.0
2,60,babble,0.8901840490797546,3.0
3,60,babble,0.8936605316973415,3.0
4,60,babble,0.8867075664621676,3.0
5,60,babble,0.8881390593047035,3.0
6,60,babble,0.8881390593047035,3.0
7,60,babble,0.8869120654396728,3.0
8,60,babble,0.8907975460122699,3.0
9,60,babble,0.8940695296523518,3.0
10,60,babble,0.8916155419222904,3.0
11,60,babble,0.8922290388548058,3.0
12,60,babble,0.8887525562372188,3.0
13,60,babble,0.8932515337423312,3.0
14,60,babble,0.8950920245398774,3.0
15,60,babble,0.8940695296523518,3.0
16,60,babble,0.8910020449897751,3.0
17,60,babble,0.8912065439672802,3.0
18,60,babble,0.8916155419222904,3.0
19,60,babble,0.8852760736196319,3.0
20,60,babble,0.8877300613496932,3.0
21,60,babble,0.8891615541922291,3.0
22,60,babble,0.8830265848670756,3.0
23,60,babble,0.8926380368098159,3.0
24,60,babble,0.8932515337423312,3.0
0,60,babble,0.8425357873210634,0.0
1,60,babble,0.847443762781186,0.0
2,60,babble,0.8521472392638036,0.0
3,60,babble,0.8486707566462167,0.0
4,60,babble,0.8498977505112475,0.0
5,60,babble,0.845398773006135,0.0
6,60,babble,0.845398773006135,0.0
7,60,babble,0.8482617586912066,0.0
8,60,babble,0.8488752556237219,0.0
9,60,babble,0.8529652351738242,0.0
10,60,babble,0.8515337423312883,0.0
11,60,babble,0.8554192229038855,0.0
12,60,babble,0.8478527607361963,0.0
13,60,babble,0.850920245398773,0.0
14,60,babble,0.8507157464212679,0.0
15,60,babble,0.8513292433537832,0.0
16,60,babble,0.8460122699386503,0.0
17,60,babble,0.8541922290388548,0.0
18,60,babble,0.8486707566462167,0.0
19,60,babble,0.8421267893660531,0.0
20,60,babble,0.84560327198364,0.0
21,60,babble,0.849284253578732,0.0
22,60,babble,0.8386503067484663,0.0
23,60,babble,0.850920245398773,0.0
24,60,babble,0.8476482617586912,0.0
0,60,babble,0.7703476482617587,-3.0
1,60,babble,0.7840490797546013,-3.0
2,60,babble,0.7869120654396728,-3.0
3,60,babble,0.7797546012269939,-3.0
4,60,babble,0.7832310838445807,-3.0
5,60,babble,0.781799591002045,-3.0
6,60,babble,0.7748466257668711,-3.0
7,60,babble,0.783640081799591,-3.0
8,60,babble,0.7852760736196319,-3.0
9,60,babble,0.7766871165644171,-3.0
10,60,babble,0.7830265848670757,-3.0
11,60,babble,0.7789366053169734,-3.0
12,60,babble,0.7793456032719837,-3.0
13,60,babble,0.7842535787321063,-3.0
14,60,babble,0.7838445807770961,-3.0
15,60,babble,0.7822085889570553,-3.0
16,60,babble,0.7785276073619631,-3.0
17,60,babble,0.789161554192229,-3.0
18,60,babble,0.7811860940695297,-3.0
19,60,babble,0.7766871165644171,-3.0
20,60,babble,0.779959100204499,-3.0
21,60,babble,0.7791411042944786,-3.0
22,60,babble,0.7801635991820041,-3.0
23,60,babble,0.7789366053169734,-3.0
24,60,babble,0.7848670756646217,-3.0
0,60,kitchen,0.9543967280163599,24.0
1,60,kitchen,0.9529652351738241,24.0
2,60,kitchen,0.9562372188139059,24.0
3,60,kitchen,0.9541922290388548,24.0
4,60,kitchen,0.9531697341513292,24.0
5,60,kitchen,0.9572597137014315,24.0
6,60,kitchen,0.9525562372188139,24.0
7,60,kitchen,0.9570552147239264,24.0
8,60,kitchen,0.9521472392638037,24.0
9,60,kitchen,0.9535787321063395,24.0
10,60,kitchen,0.9578732106339468,24.0
11,60,kitchen,0.9586912065439673,24.0
12,60,kitchen,0.9539877300613497,24.0
13,60,kitchen,0.9537832310838446,24.0
14,60,kitchen,0.9558282208588957,24.0
15,60,kitchen,0.9556237218813906,24.0
16,60,kitchen,0.9574642126789366,24.0
17,60,kitchen,0.9525562372188139,24.0
18,60,kitchen,0.9494887525562372,24.0
19,60,kitchen,0.9550102249488752,24.0
20,60,kitchen,0.9564417177914111,24.0
21,60,kitchen,0.9554192229038855,24.0
22,60,kitchen,0.9541922290388548,24.0
23,60,kitchen,0.9558282208588957,24.0
24,60,kitchen,0.9539877300613497,24.0
0,60,kitchen,0.9527607361963191,21.0
1,60,kitchen,0.9525562372188139,21.0
2,60,kitchen,0.9548057259713701,21.0
3,60,kitchen,0.9507157464212679,21.0
4,60,kitchen,0.950920245398773,21.0
5,60,kitchen,0.9546012269938651,21.0
6,60,kitchen,0.9519427402862985,21.0
7,60,kitchen,0.9543967280163599,21.0
8,60,kitchen,0.9492842535787321,21.0
9,60,kitchen,0.9525562372188139,21.0
10,60,kitchen,0.9554192229038855,21.0
11,60,kitchen,0.9572597137014315,21.0
12,60,kitchen,0.9523517382413088,21.0
13,60,kitchen,0.9521472392638037,21.0
14,60,kitchen,0.9548057259713701,21.0
15,60,kitchen,0.9533742331288344,21.0
16,60,kitchen,0.9566462167689161,21.0
17,60,kitchen,0.9498977505112475,21.0
18,60,kitchen,0.9476482617586912,21.0
19,60,kitchen,0.9539877300613497,21.0
20,60,kitchen,0.9543967280163599,21.0
21,60,kitchen,0.9529652351738241,21.0
22,60,kitchen,0.9525562372188139,21.0
23,60,kitchen,0.9521472392638037,21.0
24,60,kitchen,0.9552147239263804,21.0
0,60,kitchen,0.9501022494887525,18.0
1,60,kitchen,0.9505112474437628,18.0
2,60,kitchen,0.9523517382413088,18.0
3,60,kitchen,0.9492842535787321,18.0
4,60,kitchen,0.9494887525562372,18.0
5,60,kitchen,0.9496932515337423,18.0
6,60,kitchen,0.9517382413087935,18.0
7,60,kitchen,0.9511247443762781,18.0
8,60,kitchen,0.9486707566462168,18.0
9,60,kitchen,0.9503067484662576,18.0
10,60,kitchen,0.9535787321063395,18.0
11,60,kitchen,0.9556237218813906,18.0
12,60,kitchen,0.9482617586912065,18.0
13,60,kitchen,0.9507157464212679,18.0
14,60,kitchen,0.9533742331288344,18.0
15,60,kitchen,0.9517382413087935,18.0
16,60,kitchen,0.9550102249488752,18.0
17,60,kitchen,0.9498977505112475,18.0
18,60,kitchen,0.9456032719836401,18.0
19,60,kitchen,0.9513292433537832,18.0
20,60,kitchen,0.9523517382413088,18.0
21,60,kitchen,0.9480572597137015,18.0
22,60,kitchen,0.9507157464212679,18.0
23,60,kitchen,0.9515337423312883,18.0
24,60,kitchen,0.9535787321063395,18.0
0,60,kitchen,0.9478527607361963,15.0
1,60,kitchen,0.9474437627811861,15.0
2,60,kitchen,0.9505112474437628,15.0
3,60,kitchen,0.947239263803681,15.0
4,60,kitchen,0.947239263803681,15.0
5,60,kitchen,0.9449897750511247,15.0
6,60,kitchen,0.9470347648261759,15.0
7,60,kitchen,0.9492842535787321,15.0
8,60,kitchen,0.9462167689161555,15.0
9,60,kitchen,0.9484662576687116,15.0
10,60,kitchen,0.9501022494887525,15.0
11,60,kitchen,0.9533742331288344,15.0
12,60,kitchen,0.9458077709611452,15.0
13,60,kitchen,0.9505112474437628,15.0
14,60,kitchen,0.9511247443762781,15.0
15,60,kitchen,0.9480572597137015,15.0
16,60,kitchen,0.9517382413087935,15.0
17,60,kitchen,0.9480572597137015,15.0
18,60,kitchen,0.941717791411043,15.0
19,60,kitchen,0.9488752556237219,15.0
20,60,kitchen,0.9488752556237219,15.0
21,60,kitchen,0.9466257668711656,15.0
22,60,kitchen,0.9478527607361963,15.0
23,60,kitchen,0.9486707566462168,15.0
24,60,kitchen,0.9492842535787321,15.0
0,60,kitchen,0.9443762781186094,12.0
1,60,kitchen,0.9464212678936605,12.0
2,60,kitchen,0.9468302658486708,12.0
3,60,kitchen,0.9433537832310839,12.0
4,60,kitchen,0.9439672801635992,12.0
5,60,kitchen,0.9408997955010225,12.0
6,60,kitchen,0.9451942740286299,12.0
7,60,kitchen,0.9482617586912065,12.0
8,60,kitchen,0.9439672801635992,12.0
9,60,kitchen,0.9458077709611452,12.0
10,60,kitchen,0.9462167689161555,12.0
11,60,kitchen,0.9501022494887525,12.0
12,60,kitchen,0.941922290388548,12.0
13,60,kitchen,0.9492842535787321,12.0
14,60,kitchen,0.9464212678936605,12.0
15,60,kitchen,0.9447852760736196,12.0
16,60,kitchen,0.9470347648261759,12.0
17,60,kitchen,0.9464212678936605,12.0
18,60,kitchen,0.9388548057259714,12.0
19,60,kitchen,0.9460122699386503,12.0
20,60,kitchen,0.9470347648261759,12.0
21,60,kitchen,0.943762781186094,12.0
22,60,kitchen,0.9439672801635992,12.0
23,60,kitchen,0.9443762781186094,12.0
24,60,kitchen,0.9445807770961145,12.0
0,60,kitchen,0.9411042944785276,9.0
1,60,kitchen,0.9406952965235174,9.0
2,60,kitchen,0.941922290388548,9.0
3,60,kitchen,0.9392638036809816,9.0
4,60,kitchen,0.9392638036809816,9.0
5,60,kitchen,0.9392638036809816,9.0
6,60,kitchen,0.938036809815951,9.0
7,60,kitchen,0.9449897750511247,9.0
8,60,kitchen,0.9388548057259714,9.0
9,60,kitchen,0.9394683026584867,9.0
10,60,kitchen,0.9421267893660532,9.0
11,60,kitchen,0.943558282208589,9.0
12,60,kitchen,0.9386503067484663,9.0
13,60,kitchen,0.945398773006135,9.0
14,60,kitchen,0.940081799591002,9.0
15,60,kitchen,0.9425357873210634,9.0
16,60,kitchen,0.941922290388548,9.0
17,60,kitchen,0.943558282208589,9.0
18,60,kitchen,0.9355828220858896,9.0
19,60,kitchen,0.9396728016359919,9.0
20,60,kitchen,0.9447852760736196,9.0
21,60,kitchen,0.940081799591002,9.0
22,60,kitchen,0.9406952965235174,9.0
23,60,kitchen,0.9427402862985685,9.0
24,60,kitchen,0.9408997955010225,9.0
0,60,kitchen,0.934560327198364,6.0
1,60,kitchen,0.9353783231083844,6.0
2,60,kitchen,0.9368098159509203,6.0
3,60,kitchen,0.9368098159509203,6.0
4,60,kitchen,0.9361963190184049,6.0
5,60,kitchen,0.9355828220858896,6.0
6,60,kitchen,0.932719836400818,6.0
7,60,kitchen,0.9394683026584867,6.0
8,60,kitchen,0.9337423312883436,6.0
9,60,kitchen,0.93640081799591,6.0
10,60,kitchen,0.9390593047034764,6.0
11,60,kitchen,0.938241308793456,6.0
12,60,kitchen,0.9337423312883436,6.0
13,60,kitchen,0.9384458077709611,6.0
14,60,kitchen,0.9341513292433538,6.0
15,60,kitchen,0.9390593047034764,6.0
16,60,kitchen,0.9392638036809816,6.0
17,60,kitchen,0.9394683026584867,6.0
18,60,kitchen,0.9339468302658487,6.0
19,60,kitchen,0.9353783231083844,6.0
20,60,kitchen,0.938036809815951,6.0
21,60,kitchen,0.9378323108384458,6.0
22,60,kitchen,0.9376278118609407,6.0
23,60,kitchen,0.9388548057259714,6.0
24,60,kitchen,0.9353783231083844,6.0
0,60,kitchen,0.930879345603272,3.0
1,60,kitchen,0.9292433537832311,3.0
2,60,kitchen,0.930879345603272,3.0
3,60,kitchen,0.9314928425357873,3.0
4,60,kitchen,0.9316973415132924,3.0
5,60,kitchen,0.9302658486707567,3.0
6,60,kitchen,0.9257668711656442,3.0
7,60,kitchen,0.9325153374233128,3.0
8,60,kitchen,0.9294478527607362,3.0
9,60,kitchen,0.9294478527607362,3.0
10,60,kitchen,0.9316973415132924,3.0
11,60,kitchen,0.9321063394683027,3.0
12,60,kitchen,0.9282208588957055,3.0
13,60,kitchen,0.9335378323108384,3.0
14,60,kitchen,0.9292433537832311,3.0
15,60,kitchen,0.9329243353783231,3.0
16,60,kitchen,0.9298568507157464,3.0
17,60,kitchen,0.9323108384458078,3.0
18,60,kitchen,0.929038854805726,3.0
19,60,kitchen,0.930879345603272,3.0
20,60,kitchen,0.9314928425357873,3.0
21,60,kitchen,0.9312883435582822,3.0
22,60,kitchen,0.9304703476482618,3.0
23,60,kitchen,0.9351738241308793,3.0
24,60,kitchen,0.9294478527607362,3.0
0,60,kitchen,0.9251533742331288,0.0
1,60,kitchen,0.9220858895705522,0.0
2,60,kitchen,0.9212678936605317,0.0
3,60,kitchen,0.9261758691206544,0.0
4,60,kitchen,0.9233128834355828,0.0
5,60,kitchen,0.9237218813905931,0.0
6,60,kitchen,0.9202453987730062,0.0
7,60,kitchen,0.9231083844580777,0.0
8,60,kitchen,0.9255623721881391,0.0
9,60,kitchen,0.9235173824130879,0.0
10,60,kitchen,0.9247443762781186,0.0
11,60,kitchen,0.9249488752556237,0.0
12,60,kitchen,0.9208588957055215,0.0
13,60,kitchen,0.9286298568507158,0.0
14,60,kitchen,0.9239263803680982,0.0
15,60,kitchen,0.9253578732106339,0.0
16,60,kitchen,0.9177914110429448,0.0
17,60,kitchen,0.9276073619631902,0.0
18,60,kitchen,0.9212678936605317,0.0
19,60,kitchen,0.9208588957055215,0.0
20,60,kitchen,0.9190184049079755,0.0
21,60,kitchen,0.9196319018404908,0.0
22,60,kitchen,0.9237218813905931,0.0
23,60,kitchen,0.9235173824130879,0.0
24,60,kitchen,0.9229038854805726,0.0
0,60,kitchen,0.9112474437627812,-3.0
1,60,kitchen,0.9149284253578732,-3.0
2,60,kitchen,0.908997955010225,-3.0
3,60,kitchen,0.9155419222903886,-3.0
4,60,kitchen,0.9122699386503067,-3.0
5,60,kitchen,0.911042944785276,-3.0
6,60,kitchen,0.9120654396728016,-3.0
7,60,kitchen,0.9106339468302659,-3.0
8,60,kitchen,0.9141104294478528,-3.0
9,60,kitchen,0.9169734151329243,-3.0
10,60,kitchen,0.9151329243353783,-3.0
11,60,kitchen,0.9165644171779141,-3.0
12,60,kitchen,0.910838445807771,-3.0
13,60,kitchen,0.9184049079754601,-3.0
14,60,kitchen,0.910838445807771,-3.0
15,60,kitchen,0.9159509202453988,-3.0
16,60,kitchen,0.905316973415133,-3.0
17,60,kitchen,0.9173824130879346,-3.0
18,60,kitchen,0.908997955010225,-3.0
19,60,kitchen,0.9120654396728016,-3.0
20,60,kitchen,0.905521472392638,-3.0
21,60,kitchen,0.9087934560327199,-3.0
22,60,kitchen,0.9141104294478528,-3.0
23,60,kitchen,0.910838445807771,-3.0
24,60,kitchen,0.9130879345603272,-3.0
0,60,office,0.9586912065439673,24.0
1,60,office,0.9597137014314928,24.0
2,60,office,0.959918200408998,24.0
3,60,office,0.9582822085889571,24.0
4,60,office,0.9574642126789366,24.0
5,60,office,0.9593047034764827,24.0
6,60,office,0.9578732106339468,24.0
7,60,office,0.9586912065439673,24.0
8,60,office,0.9570552147239264,24.0
9,60,office,0.9564417177914111,24.0
10,60,office,0.9578732106339468,24.0
11,60,office,0.9625766871165644,24.0
12,60,office,0.9591002044989775,24.0
13,60,office,0.9593047034764827,24.0
14,60,office,0.9586912065439673,24.0
15,60,office,0.9609406952965235,24.0
16,60,office,0.9609406952965235,24.0
17,60,office,0.9586912065439673,24.0
18,60,office,0.9537832310838446,24.0
19,60,office,0.9588957055214724,24.0
20,60,office,0.9591002044989775,24.0
21,60,office,0.9552147239263804,24.0
22,60,office,0.9591002044989775,24.0
23,60,office,0.9582822085889571,24.0
24,60,office,0.9588957055214724,24.0
0,60,office,0.9588957055214724,21.0
1,60,office,0.9597137014314928,21.0
2,60,office,0.9597137014314928,21.0
3,60,office,0.9580777096114519,21.0
4,60,office,0.9570552147239264,21.0
5,60,office,0.9584867075664621,21.0
6,60,office,0.9568507157464212,21.0
7,60,office,0.9582822085889571,21.0
8,60,office,0.9562372188139059,21.0
9,60,office,0.9550102249488752,21.0
10,60,office,0.9595092024539877,21.0
11,60,office,0.9619631901840491,21.0
12,60,office,0.9586912065439673,21.0
13,60,office,0.9568507157464212,21.0
14,60,office,0.9578732106339468,21.0
15,60,office,0.9591002044989775,21.0
16,60,office,0.9603271983640081,21.0
17,60,office,0.9582822085889571,21.0
18,60,office,0.9533742331288344,21.0
19,60,office,0.9584867075664621,21.0
20,60,office,0.9593047034764827,21.0
21,60,office,0.9562372188139059,21.0
22,60,office,0.9588957055214724,21.0
23,60,office,0.9574642126789366,21.0
24,60,office,0.9543967280163599,21.0
0,60,office,0.9591002044989775,18.0
1,60,office,0.9588957055214724,18.0
2,60,office,0.9593047034764827,18.0
3,60,office,0.9568507157464212,18.0
4,60,office,0.9564417177914111,18.0
5,60,office,0.9582822085889571,18.0
6,60,office,0.9562372188139059,18.0
7,60,office,0.9572597137014315,18.0
8,60,office,0.9539877300613497,18.0
9,60,office,0.9543967280163599,18.0
10,60,office,0.9584867075664621,18.0
11,60,office,0.9625766871165644,18.0
12,60,office,0.9570552147239264,18.0
13,60,office,0.9554192229038855,18.0
14,60,office,0.9564417177914111,18.0
15,60,office,0.9582822085889571,18.0
16,60,office,0.9578732106339468,18.0
17,60,office,0.9574642126789366,18.0
18,60,office,0.9521472392638037,18.0
19,60,office,0.9574642126789366,18.0
20,60,office,0.9586912065439673,18.0
21,60,office,0.9568507157464212,18.0
22,60,office,0.9574642126789366,18.0
23,60,office,0.9568507157464212,18.0
24,60,office,0.9546012269938651,18.0
0,60,office,0.9582822085889571,15.0
1,60,office,0.9580777096114519,15.0
2,60,office,0.9580777096114519,15.0
3,60,office,0.9564417177914111,15.0
4,60,office,0.9548057259713701,15.0
5,60,office,0.9554192229038855,15.0
6,60,office,0.9558282208588957,15.0
7,60,office,0.9570552147239264,15.0
8,60,office,0.9550102249488752,15.0
9,60,office,0.9527607361963191,15.0
10,60,office,0.9580777096114519,15.0
11,60,office,0.9611451942740287,15.0
12,60,office,0.9560327198364008,15.0
13,60,office,0.9570552147239264,15.0
14,60,office,0.9556237218813906,15.0
15,60,office,0.9568507157464212,15.0
16,60,office,0.9580777096114519,15.0
17,60,office,0.9588957055214724,15.0
18,60,office,0.9511247443762781,15.0
19,60,office,0.9556237218813906,15.0
20,60,office,0.9578732106339468,15.0
21,60,office,0.9562372188139059,15.0
22,60,office,0.9582822085889571,15.0
23,60,office,0.9564417177914111,15.0
24,60,office,0.9543967280163599,15.0
0,60,office,0.9570552147239264,12.0
1,60,office,0.9556237218813906,12.0
2,60,office,0.9564417177914111,12.0
3,60,office,0.9539877300613497,12.0
4,60,office,0.9531697341513292,12.0
5,60,office,0.9541922290388548,12.0
6,60,office,0.9535787321063395,12.0
7,60,office,0.9546012269938651,12.0
8,60,office,0.9527607361963191,12.0
9,60,office,0.9529652351738241,12.0
10,60,office,0.9550102249488752,12.0
11,60,office,0.9588957055214724,12.0
12,60,office,0.9556237218813906,12.0
13,60,office,0.9554192229038855,12.0
14,60,office,0.9564417177914111,12.0
15,60,office,0.9541922290388548,12.0
16,60,office,0.9574642126789366,12.0
17,60,office,0.9572597137014315,12.0
18,60,office,0.9503067484662576,12.0
19,60,office,0.9541922290388548,12.0
20,60,office,0.9562372188139059,12.0
21,60,office,0.9546012269938651,12.0
22,60,office,0.9556237218813906,12.0
23,60,office,0.9558282208588957,12.0
24,60,office,0.9515337423312883,12.0
0,60,office,0.9535787321063395,9.0
1,60,office,0.9537832310838446,9.0
2,60,office,0.9546012269938651,9.0
3,60,office,0.9515337423312883,9.0
4,60,office,0.9519427402862985,9.0
5,60,office,0.9511247443762781,9.0
6,60,office,0.9511247443762781,9.0
7,60,office,0.9529652351738241,9.0
8,60,office,0.9507157464212679,9.0
9,60,office,0.9498977505112475,9.0
10,60,office,0.9537832310838446,9.0
11,60,office,0.9566462167689161,9.0
12,60,office,0.9529652351738241,9.0
13,60,office,0.9531697341513292,9.0
14,60,office,0.9539877300613497,9.0
15,60,office,0.9519427402862985,9.0
16,60,office,0.9558282208588957,9.0
17,60,office,0.9560327198364008,9.0
18,60,office,0.9498977505112475,9.0
19,60,office,0.949079754601227,9.0
20,60,office,0.9541922290388548,9.0
21,60,office,0.9515337423312883,9.0
22,60,office,0.9539877300613497,9.0
23,60,office,0.9543967280163599,9.0
24,60,office,0.9496932515337423,9.0
0,60,office,0.9505112474437628,6.0
1,60,office,0.9533742331288344,6.0
2,60,office,0.9529652351738241,6.0
3,60,office,0.9482617586912065,6.0
4,60,office,0.9505112474437628,6.0
5,60,office,0.9496932515337423,6.0
6,60,office,0.9494887525562372,6.0
7,60,office,0.9505112474437628,6.0
8,60,office,0.9486707566462168,6.0
9,60,office,0.9484662576687116,6.0
10,60,office,0.9541922290388548,6.0
11,60,office,0.9539877300613497,6.0
12,60,office,0.9505112474437628,6.0
13,60,office,0.9498977505112475,6.0
14,60,office,0.9517382413087935,6.0
15,60,office,0.9517382413087935,6.0
16,60,office,0.9537832310838446,6.0
17,60,office,0.9527607361963191,6.0
18,60,office,0.9470347648261759,6.0
19,60,office,0.9470347648261759,6.0
20,60,office,0.9515337423312883,6.0
21,60,office,0.9492842535787321,6.0
22,60,office,0.9515337423312883,6.0
23,60,office,0.9521472392638037,6.0
24,60,office,0.9486707566462168,6.0
0,60,office,0.9478527607361963,3.0
1,60,office,0.9503067484662576,3.0
2,60,office,0.9480572597137015,3.0
3,60,office,0.9449897750511247,3.0
4,60,office,0.9458077709611452,3.0
5,60,office,0.943762781186094,3.0
6,60,office,0.9462167689161555,3.0
7,60,office,0.945398773006135,3.0
8,60,office,0.9468302658486708,3.0
9,60,office,0.9468302658486708,3.0
10,60,office,0.9492842535787321,3.0
11,60,office,0.9507157464212679,3.0
12,60,office,0.9476482617586912,3.0
13,60,office,0.9470347648261759,3.0
14,60,office,0.9478527607361963,3.0
15,60,office,0.947239263803681,3.0
16,60,office,0.9519427402862985,3.0
17,60,office,0.9464212678936605,3.0
18,60,office,0.9423312883435583,3.0
19,60,office,0.9460122699386503,3.0
20,60,office,0.9466257668711656,3.0
21,60,office,0.9484662576687116,3.0
22,60,office,0.9474437627811861,3.0
23,60,office,0.9492842535787321,3.0
24,60,office,0.9476482617586912,3.0
0,60,office,0.9408997955010225,0.0
1,60,office,0.9456032719836401,0.0
2,60,office,0.941922290388548,0.0
3,60,office,0.939877300613497,0.0
4,60,office,0.9411042944785276,0.0
5,60,office,0.9433537832310839,0.0
6,60,office,0.9413087934560327,0.0
7,60,office,0.9413087934560327,0.0
8,60,office,0.9421267893660532,0.0
9,60,office,0.9415132924335379,0.0
10,60,office,0.9447852760736196,0.0
11,60,office,0.9484662576687116,0.0
12,60,office,0.943558282208589,0.0
13,60,office,0.9441717791411043,0.0
14,60,office,0.9470347648261759,0.0
15,60,office,0.9449897750511247,0.0
16,60,office,0.9482617586912065,0.0
17,60,office,0.9415132924335379,0.0
18,60,office,0.9378323108384458,0.0
19,60,office,0.9413087934560327,0.0
20,60,office,0.943762781186094,0.0
21,60,office,0.9447852760736196,0.0
22,60,office,0.939877300613497,0.0
23,60,office,0.943558282208589,0.0
24,60,office,0.9425357873210634,0.0
0,60,office,0.9357873210633947,-3.0
1,60,office,0.9384458077709611,-3.0
2,60,office,0.9372188139059304,-3.0
3,60,office,0.9374233128834356,-3.0
4,60,office,0.938036809815951,-3.0
5,60,office,0.9402862985685072,-3.0
6,60,office,0.9359918200408998,-3.0
7,60,office,0.9347648261758691,-3.0
8,60,office,0.938036809815951,-3.0
9,60,office,0.9388548057259714,-3.0
10,60,office,0.9423312883435583,-3.0
11,60,office,0.9429447852760736,-3.0
12,60,office,0.9378323108384458,-3.0
13,60,office,0.9402862985685072,-3.0
14,60,office,0.9390593047034764,-3.0
15,60,office,0.9370143149284254,-3.0
16,60,office,0.9423312883435583,-3.0
17,60,office,0.9374233128834356,-3.0
18,60,office,0.9325153374233128,-3.0
19,60,office,0.9310838445807771,-3.0
20,60,office,0.9357873210633947,-3.0
21,60,office,0.9406952965235174,-3.0
22,60,office,0.9357873210633947,-3.0
23,60,office,0.9378323108384458,-3.0
24,60,office,0.9355828220858896,-3.0
0,60,living,0.9554192229038855,24.0
1,60,living,0.9570552147239264,24.0
2,60,living,0.9601226993865031,24.0
3,60,living,0.9564417177914111,24.0
4,60,living,0.9572597137014315,24.0
5,60,living,0.9613496932515337,24.0
6,60,living,0.9558282208588957,24.0
7,60,living,0.959918200408998,24.0
8,60,living,0.9564417177914111,24.0
9,60,living,0.9566462167689161,24.0
10,60,living,0.9562372188139059,24.0
11,60,living,0.9627811860940695,24.0
12,60,living,0.9548057259713701,24.0
13,60,living,0.9570552147239264,24.0
14,60,living,0.9578732106339468,24.0
15,60,living,0.9584867075664621,24.0
16,60,living,0.9588957055214724,24.0
17,60,living,0.9568507157464212,24.0
18,60,living,0.9546012269938651,24.0
19,60,living,0.9568507157464212,24.0
20,60,living,0.9603271983640081,24.0
21,60,living,0.9539877300613497,24.0
22,60,living,0.9605316973415133,24.0
23,60,living,0.9570552147239264,24.0
24,60,living,0.9558282208588957,24.0
0,60,living,0.9533742331288344,21.0
1,60,living,0.9566462167689161,21.0
2,60,living,0.9591002044989775,21.0
3,60,living,0.9562372188139059,21.0
4,60,living,0.9554192229038855,21.0
5,60,living,0.9576687116564417,21.0
6,60,living,0.9552147239263804,21.0
7,60,living,0.9576687116564417,21.0
8,60,living,0.9554192229038855,21.0
9,60,living,0.9566462167689161,21.0
10,60,living,0.9541922290388548,21.0
11,60,living,0.9623721881390593,21.0
12,60,living,0.9535787321063395,21.0
13,60,living,0.9568507157464212,21.0
14,60,living,0.9574642126789366,21.0
15,60,living,0.9552147239263804,21.0
16,60,living,0.9564417177914111,21.0
17,60,living,0.9546012269938651,21.0
18,60,living,0.9539877300613497,21.0
19,60,living,0.9574642126789366,21.0
20,60,living,0.9593047034764827,21.0
21,60,living,0.9519427402862985,21.0
22,60,living,0.9601226993865031,21.0
23,60,living,0.9552147239263804,21.0
24,60,living,0.9541922290388548,21.0
0,60,living,0.9533742331288344,18.0
1,60,living,0.9535787321063395,18.0
2,60,living,0.9560327198364008,18.0
3,60,living,0.9546012269938651,18.0
4,60,living,0.9519427402862985,18.0
5,60,living,0.9572597137014315,18.0
6,60,living,0.9525562372188139,18.0
7,60,living,0.9554192229038855,18.0
8,60,living,0.9535787321063395,18.0
9,60,living,0.9543967280163599,18.0
10,60,living,0.9539877300613497,18.0
11,60,living,0.9584867075664621,18.0
12,60,living,0.9533742331288344,18.0
13,60,living,0.9546012269938651,18.0
14,60,living,0.9554192229038855,18.0
15,60,living,0.9556237218813906,18.0
16,60,living,0.9556237218813906,18.0
17,60,living,0.9521472392638037,18.0
18,60,living,0.9519427402862985,18.0
19,60,living,0.9543967280163599,18.0
20,60,living,0.9566462167689161,18.0
21,60,living,0.9494887525562372,18.0
22,60,living,0.9537832310838446,18.0
23,60,living,0.9525562372188139,18.0
24,60,living,0.9527607361963191,18.0
0,60,living,0.9525562372188139,15.0
1,60,living,0.9517382413087935,15.0
2,60,living,0.9531697341513292,15.0
3,60,living,0.9517382413087935,15.0
4,60,living,0.9515337423312883,15.0
5,60,living,0.9531697341513292,15.0
6,60,living,0.9480572597137015,15.0
7,60,living,0.9525562372188139,15.0
8,60,living,0.9501022494887525,15.0
9,60,living,0.9517382413087935,15.0
10,60,living,0.9521472392638037,15.0
11,60,living,0.9562372188139059,15.0
12,60,living,0.9533742331288344,15.0
13,60,living,0.9511247443762781,15.0
14,60,living,0.9525562372188139,15.0
15,60,living,0.9513292433537832,15.0
16,60,living,0.9519427402862985,15.0
17,60,living,0.9494887525562372,15.0
18,60,living,0.9494887525562372,15.0
19,60,living,0.9531697341513292,15.0
20,60,living,0.9539877300613497,15.0
21,60,living,0.9474437627811861,15.0
22,60,living,0.9519427402862985,15.0
23,60,living,0.9492842535787321,15.0
24,60,living,0.9505112474437628,15.0
0,60,living,0.9466257668711656,12.0
1,60,living,0.9494887525562372,12.0
2,60,living,0.9501022494887525,12.0
3,60,living,0.9466257668711656,12.0
4,60,living,0.9466257668711656,12.0
5,60,living,0.9482617586912065,12.0
6,60,living,0.9449897750511247,12.0
7,60,living,0.9486707566462168,12.0
8,60,living,0.9462167689161555,12.0
9,60,living,0.9470347648261759,12.0
10,60,living,0.9501022494887525,12.0
11,60,living,0.9548057259713701,12.0
12,60,living,0.9505112474437628,12.0
13,60,living,0.9482617586912065,12.0
14,60,living,0.9496932515337423,12.0
15,60,living,0.9496932515337423,12.0
16,60,living,0.9486707566462168,12.0
17,60,living,0.9460122699386503,12.0
18,60,living,0.9431492842535787,12.0
19,60,living,0.9494887525562372,12.0
20,60,living,0.9511247443762781,12.0
21,60,living,0.9441717791411043,12.0
22,60,living,0.9488752556237219,12.0
23,60,living,0.943762781186094,12.0
24,60,living,0.9484662576687116,12.0
0,60,living,0.9402862985685072,9.0
1,60,living,0.9425357873210634,9.0
2,60,living,0.9427402862985685,9.0
3,60,living,0.938241308793456,9.0
4,60,living,0.9431492842535787,9.0
5,60,living,0.9411042944785276,9.0
6,60,living,0.9411042944785276,9.0
7,60,living,0.9411042944785276,9.0
8,60,living,0.9404907975460123,9.0
9,60,living,0.9423312883435583,9.0
10,60,living,0.945398773006135,9.0
11,60,living,0.949079754601227,9.0
12,60,living,0.9462167689161555,9.0
13,60,living,0.9427402862985685,9.0
14,60,living,0.9464212678936605,9.0
15,60,living,0.9441717791411043,9.0
16,60,living,0.9402862985685072,9.0
17,60,living,0.9415132924335379,9.0
18,60,living,0.940081799591002,9.0
19,60,living,0.941922290388548,9.0
20,60,living,0.9464212678936605,9.0
21,60,living,0.9347648261758691,9.0
22,60,living,0.943762781186094,9.0
23,60,living,0.9394683026584867,9.0
24,60,living,0.9441717791411043,9.0
0,60,living,0.9310838445807771,6.0
1,60,living,0.9384458077709611,6.0
2,60,living,0.9339468302658487,6.0
3,60,living,0.9296523517382413,6.0
4,60,living,0.9378323108384458,6.0
5,60,living,0.9298568507157464,6.0
6,60,living,0.9335378323108384,6.0
7,60,living,0.9370143149284254,6.0
8,60,living,0.93640081799591,6.0
9,60,living,0.9351738241308793,6.0
10,60,living,0.9415132924335379,6.0
11,60,living,0.941717791411043,6.0
12,60,living,0.9413087934560327,6.0
13,60,living,0.9357873210633947,6.0
14,60,living,0.9378323108384458,6.0
15,60,living,0.9378323108384458,6.0
16,60,living,0.9300613496932515,6.0
17,60,living,0.9366053169734151,6.0
18,60,living,0.9339468302658487,6.0
19,60,living,0.9343558282208589,6.0
20,60,living,0.9372188139059304,6.0
21,60,living,0.9284253578732107,6.0
22,60,living,0.9357873210633947,6.0
23,60,living,0.9339468302658487,6.0
24,60,living,0.934560327198364,6.0
0,60,living,0.9198364008179959,3.0
1,60,living,0.9288343558282208,3.0
2,60,living,0.9206543967280164,3.0
3,60,living,0.9243353783231084,3.0
4,60,living,0.9261758691206544,3.0
5,60,living,0.9151329243353783,3.0
6,60,living,0.9241308793456032,3.0
7,60,living,0.9274028629856851,3.0
8,60,living,0.9263803680981595,3.0
9,60,living,0.9235173824130879,3.0
10,60,living,0.9321063394683027,3.0
11,60,living,0.9294478527607362,3.0
12,60,living,0.9278118609406953,3.0
13,60,living,0.9216768916155419,3.0
14,60,living,0.9249488752556237,3.0
15,60,living,0.9304703476482618,3.0
16,60,living,0.9186094069529652,3.0
17,60,living,0.9229038854805726,3.0
18,60,living,0.9231083844580777,3.0
19,60,living,0.9253578732106339,3.0
20,60,living,0.9278118609406953,3.0
21,60,living,0.9235173824130879,3.0
22,60,living,0.9251533742331288,3.0
23,60,living,0.9239263803680982,3.0
24,60,living,0.9263803680981595,3.0
0,60,living,0.903680981595092,0.0
1,60,living,0.9161554192229039,0.0
2,60,living,0.907157464212679,0.0
3,60,living,0.9096114519427403,0.0
4,60,living,0.90920245398773,0.0
5,60,living,0.8942740286298568,0.0
6,60,living,0.9118609406952966,0.0
7,60,living,0.9098159509202454,0.0
8,60,living,0.9096114519427403,0.0
9,60,living,0.9087934560327199,0.0
10,60,living,0.916359918200409,0.0
11,60,living,0.9134969325153375,0.0
12,60,living,0.912883435582822,0.0
13,60,living,0.9026584867075664,0.0
14,60,living,0.9155419222903886,0.0
15,60,living,0.914519427402863,0.0
16,60,living,0.903476482617587,0.0
17,60,living,0.9079754601226994,0.0
18,60,living,0.9094069529652352,0.0
19,60,living,0.9006134969325154,0.0
20,60,living,0.9075664621676892,0.0
21,60,living,0.9100204498977505,0.0
22,60,living,0.910838445807771,0.0
23,60,living,0.9102249488752556,0.0
24,60,living,0.9077709611451943,0.0
0,60,living,0.8824130879345603,-3.0
1,60,living,0.8942740286298568,-3.0
2,60,living,0.878323108384458,-3.0
3,60,living,0.8813905930470347,-3.0
4,60,living,0.8846625766871166,-3.0
5,60,living,0.8638036809815951,-3.0
6,60,living,0.8879345603271984,-3.0
7,60,living,0.8856850715746422,-3.0
8,60,living,0.8793456032719836,-3.0
9,60,living,0.8850715746421268,-3.0
10,60,living,0.8961145194274028,-3.0
11,60,living,0.8865030674846626,-3.0
12,60,living,0.8856850715746422,-3.0
13,60,living,0.8777096114519427,-3.0
14,60,living,0.883640081799591,-3.0
15,60,living,0.8942740286298568,-3.0
16,60,living,0.8830265848670756,-3.0
17,60,living,0.8858895705521472,-3.0
18,60,living,0.879959100204499,-3.0
19,60,living,0.8687116564417178,-3.0
20,60,living,0.8813905930470347,-3.0
21,60,living,0.8862985685071575,-3.0
22,60,living,0.8895705521472392,-3.0
23,60,living,0.8877300613496932,-3.0
24,60,living,0.8785276073619632,-3.0
0,80,white,0.9468302658486708,24.0
1,80,white,0.9498977505112475,24.0
2,80,white,0.9501022494887525,24.0
3,80,white,0.949079754601227,24.0
4,80,white,0.9449897750511247,24.0
5,80,white,0.9466257668711656,24.0
6,80,white,0.9451942740286299,24.0
7,80,white,0.9456032719836401,24.0
8,80,white,0.9484662576687116,24.0
9,80,white,0.947239263803681,24.0
10,80,white,0.9474437627811861,24.0
11,80,white,0.9458077709611452,24.0
12,80,white,0.9517382413087935,24.0
13,80,white,0.9523517382413088,24.0
14,80,white,0.9501022494887525,24.0
15,80,white,0.9462167689161555,24.0
16,80,white,0.9498977505112475,24.0
17,80,white,0.9449897750511247,24.0
18,80,white,0.9449897750511247,24.0
19,80,white,0.9476482617586912,24.0
20,80,white,0.9451942740286299,24.0
21,80,white,0.9451942740286299,24.0
22,80,white,0.9474437627811861,24.0
23,80,white,0.9468302658486708,24.0
24,80,white,0.949079754601227,24.0
0,80,white,0.9408997955010225,21.0
1,80,white,0.9476482617586912,21.0
2,80,white,0.9425357873210634,21.0
3,80,white,0.9470347648261759,21.0
4,80,white,0.9394683026584867,21.0
5,80,white,0.945398773006135,21.0
6,80,white,0.941717791411043,21.0
7,80,white,0.9411042944785276,21.0
8,80,white,0.9427402862985685,21.0
9,80,white,0.9425357873210634,21.0
10,80,white,0.945398773006135,21.0
11,80,white,0.9441717791411043,21.0
12,80,white,0.9460122699386503,21.0
13,80,white,0.9470347648261759,21.0
14,80,white,0.9447852760736196,21.0
15,80,white,0.945398773006135,21.0
16,80,white,0.9488752556237219,21.0
17,80,white,0.9466257668711656,21.0
18,80,white,0.9429447852760736,21.0
19,80,white,0.939877300613497,21.0
20,80,white,0.9402862985685072,21.0
21,80,white,0.941922290388548,21.0
22,80,white,0.943558282208589,21.0
23,80,white,0.9439672801635992,21.0
24,80,white,0.9429447852760736,21.0
0,80,white,0.9374233128834356,18.0
1,80,white,0.9408997955010225,18.0
2,80,white,0.9359918200408998,18.0
3,80,white,0.9413087934560327,18.0
4,80,white,0.9357873210633947,18.0
5,80,white,0.938241308793456,18.0
6,80,white,0.9408997955010225,18.0
7,80,white,0.9386503067484663,18.0
8,80,white,0.9396728016359919,18.0
9,80,white,0.9376278118609407,18.0
10,80,white,0.9421267893660532,18.0
11,80,white,0.9415132924335379,18.0
12,80,white,0.9423312883435583,18.0
13,80,white,0.9429447852760736,18.0
14,80,white,0.9402862985685072,18.0
15,80,white,0.938241308793456,18.0
16,80,white,0.9413087934560327,18.0
17,80,white,0.9372188139059304,18.0
18,80,white,0.9361963190184049,18.0
19,80,white,0.9374233128834356,18.0
20,80,white,0.9376278118609407,18.0
21,80,white,0.9378323108384458,18.0
22,80,white,0.9388548057259714,18.0
23,80,white,0.9368098159509203,18.0
24,80,white,0.9427402862985685,18.0
0,80,white,0.9337423312883436,15.0
1,80,white,0.9331288343558283,15.0
2,80,white,0.9343558282208589,15.0
3,80,white,0.9374233128834356,15.0
4,80,white,0.9282208588957055,15.0
5,80,white,0.934560327198364,15.0
6,80,white,0.9341513292433538,15.0
7,80,white,0.9351738241308793,15.0
8,80,white,0.9312883435582822,15.0
9,80,white,0.9331288343558283,15.0
10,80,white,0.9347648261758691,15.0
11,80,white,0.9337423312883436,15.0
12,80,white,0.9372188139059304,15.0
13,80,white,0.9402862985685072,15.0
14,80,white,0.9374233128834356,15.0
15,80,white,0.9312883435582822,15.0
16,80,white,0.9378323108384458,15.0
17,80,white,0.9357873210633947,15.0
18,80,white,0.9316973415132924,15.0
19,80,white,0.9353783231083844,15.0
20,80,white,0.9335378323108384,15.0
21,80,white,0.9323108384458078,15.0
22,80,white,0.9378323108384458,15.0
23,80,white,0.9351738241308793,15.0
24,80,white,0.938036809815951,15.0
0,80,white,0.92719836400818,12.0
1,80,white,0.9284253578732107,12.0
2,80,white,0.9245398773006135,12.0
3,80,white,0.9267893660531697,12.0
4,80,white,0.9245398773006135,12.0
5,80,white,0.92719836400818,12.0
6,80,white,0.9263803680981595,12.0
7,80,white,0.9274028629856851,12.0
8,80,white,0.9247443762781186,12.0
9,80,white,0.9269938650306748,12.0
10,80,white,0.9288343558282208,12.0
11,80,white,0.9282208588957055,12.0
12,80,white,0.9319018404907975,12.0
13,80,white,0.9282208588957055,12.0
14,80,white,0.930879345603272,12.0
15,80,white,0.9255623721881391,12.0
16,80,white,0.929038854805726,12.0
17,80,white,0.9255623721881391,12.0
18,80,white,0.9261758691206544,12.0
19,80,white,0.9286298568507158,12.0
20,80,white,0.9255623721881391,12.0
21,80,white,0.9249488752556237,12.0
22,80,white,0.930879345603272,12.0
23,80,white,0.9298568507157464,12.0
24,80,white,0.9294478527607362,12.0
0,80,white,0.9196319018404908,9.0
1,80,white,0.9177914110429448,9.0
2,80,white,0.9171779141104295,9.0
3,80,white,0.9173824130879346,9.0
4,80,white,0.9104294478527607,9.0
5,80,white,0.9175869120654396,9.0
6,80,white,0.9200408997955011,9.0
7,80,white,0.9190184049079755,9.0
8,80,white,0.9192229038854806,9.0
9,80,white,0.9171779141104295,9.0
10,80,white,0.9151329243353783,9.0
11,80,white,0.9196319018404908,9.0
12,80,white,0.9190184049079755,9.0
13,80,white,0.9173824130879346,9.0
14,80,white,0.9198364008179959,9.0
15,80,white,0.9151329243353783,9.0
16,80,white,0.9151329243353783,9.0
17,80,white,0.9153374233128835,9.0
18,80,white,0.9100204498977505,9.0
19,80,white,0.912678936605317,9.0
20,80,white,0.916359918200409,9.0
21,80,white,0.9159509202453988,9.0
22,80,white,0.9220858895705522,9.0
23,80,white,0.9200408997955011,9.0
24,80,white,0.9200408997955011,9.0
0,80,white,0.9047034764826176,6.0
1,80,white,0.901840490797546,6.0
2,80,white,0.9008179959100204,6.0
3,80,white,0.9030674846625767,6.0
4,80,white,0.894478527607362,6.0
5,80,white,0.8995910020449898,6.0
6,80,white,0.9083844580777096,6.0
7,80,white,0.9024539877300614,6.0
8,80,white,0.9024539877300614,6.0
9,80,white,0.9012269938650307,6.0
10,80,white,0.9004089979550102,6.0
11,80,white,0.9065439672801636,6.0
12,80,white,0.9065439672801636,6.0
13,80,white,0.9030674846625767,6.0
14,80,white,0.9065439672801636,6.0
15,80,white,0.8983640081799591,6.0
16,80,white,0.9008179959100204,6.0
17,80,white,0.9014314928425358,6.0
18,80,white,0.8977505112474438,6.0
19,80,white,0.8997955010224948,6.0
20,80,white,0.8977505112474438,6.0
21,80,white,0.9,6.0
22,80,white,0.9081799591002045,6.0
23,80,white,0.9065439672801636,6.0
24,80,white,0.9030674846625767,6.0
0,80,white,0.8875255623721882,3.0
1,80,white,0.8862985685071575,3.0
2,80,white,0.8828220858895706,3.0
3,80,white,0.8887525562372188,3.0
4,80,white,0.8815950920245399,3.0
5,80,white,0.881799591002045,3.0
6,80,white,0.8922290388548058,3.0
7,80,white,0.8865030674846626,3.0
8,80,white,0.8856850715746422,3.0
9,80,white,0.8846625766871166,3.0
10,80,white,0.8846625766871166,3.0
11,80,white,0.8942740286298568,3.0
12,80,white,0.8907975460122699,3.0
13,80,white,0.8811860940695296,3.0
14,80,white,0.8879345603271984,3.0
15,80,white,0.8875255623721882,3.0
16,80,white,0.8824130879345603,3.0
17,80,white,0.8826175869120655,3.0
18,80,white,0.8760736196319019,3.0
19,80,white,0.8773006134969326,3.0
20,80,white,0.8815950920245399,3.0
21,80,white,0.8830265848670756,3.0
22,80,white,0.8922290388548058,3.0
23,80,white,0.8924335378323108,3.0
24,80,white,0.8844580777096115,3.0
0,80,white,0.8591002044989775,0.0
1,80,white,0.8554192229038855,0.0
2,80,white,0.8548057259713702,0.0
3,80,white,0.8593047034764826,0.0
4,80,white,0.8591002044989775,0.0
5,80,white,0.8578732106339468,0.0
6,80,white,0.8631901840490798,0.0
7,80,white,0.8580777096114519,0.0
8,80,white,0.8621676891615542,0.0
9,80,white,0.8558282208588958,0.0
10,80,white,0.8556237218813906,0.0
11,80,white,0.86359918200409,0.0
12,80,white,0.8603271983640082,0.0
13,80,white,0.8591002044989775,0.0
14,80,white,0.8676891615541922,0.0
15,80,white,0.8627811860940695,0.0
16,80,white,0.8570552147239264,0.0
17,80,white,0.8548057259713702,0.0
18,80,white,0.8572597137014315,0.0
19,80,white,0.8529652351738242,0.0
20,80,white,0.8588957055214724,0.0
21,80,white,0.8593047034764826,0.0
22,80,white,0.8668711656441718,0.0
23,80,white,0.8611451942740286,0.0
24,80,white,0.8631901840490798,0.0
0,80,white,0.8214723926380368,-3.0
1,80,white,0.8220858895705522,-3.0
2,80,white,0.8167689161554192,-3.0
3,80,white,0.8132924335378323,-3.0
4,80,white,0.8151329243353783,-3.0
5,80,white,0.8128834355828221,-3.0
6,80,white,0.8321063394683027,-3.0
7,80,white,0.820040899795501,-3.0
8,80,white,0.8179959100204499,-3.0
9,80,white,0.8171779141104294,-3.0
10,80,white,0.8202453987730062,-3.0
11,80,white,0.8286298568507158,-3.0
12,80,white,0.8202453987730062,-3.0
13,80,white,0.8210633946830266,-3.0
14,80,white,0.8186094069529652,-3.0
15,80,white,0.8241308793456033,-3.0
16,80,white,0.8132924335378323,-3.0
17,80,white,0.8198364008179959,-3.0
18,80,white,0.8169734151329243,-3.0
19,80,white,0.8169734151329243,-3.0
20,80,white,0.8186094069529652,-3.0
21,80,white,0.8165644171779141,-3.0
22,80,white,0.8271983640081799,-3.0
23,80,white,0.8222903885480572,-3.0
24,80,white,0.8269938650306748,-3.0
0,80,pink,0.9466257668711656,24.0
1,80,pink,0.9484662576687116,24.0
2,80,pink,0.947239263803681,24.0
3,80,pink,0.9480572597137015,24.0
4,80,pink,0.9441717791411043,24.0
5,80,pink,0.9482617586912065,24.0
6,80,pink,0.9476482617586912,24.0
7,80,pink,0.9462167689161555,24.0
8,80,pink,0.9464212678936605,24.0
9,80,pink,0.9468302658486708,24.0
10,80,pink,0.9462167689161555,24.0
11,80,pink,0.947239263803681,24.0
12,80,pink,0.9517382413087935,24.0
13,80,pink,0.9496932515337423,24.0
14,80,pink,0.9501022494887525,24.0
15,80,pink,0.9466257668711656,24.0
16,80,pink,0.949079754601227,24.0
17,80,pink,0.9488752556237219,24.0
18,80,pink,0.9492842535787321,24.0
19,80,pink,0.947239263803681,24.0
20,80,pink,0.9482617586912065,24.0
21,80,pink,0.9445807770961145,24.0
22,80,pink,0.9464212678936605,24.0
23,80,pink,0.9464212678936605,24.0
24,80,pink,0.9462167689161555,24.0
0,80,pink,0.9404907975460123,21.0
1,80,pink,0.9462167689161555,21.0
2,80,pink,0.9478527607361963,21.0
3,80,pink,0.943762781186094,21.0
4,80,pink,0.9431492842535787,21.0
5,80,pink,0.9458077709611452,21.0
6,80,pink,0.9431492842535787,21.0
7,80,pink,0.9458077709611452,21.0
8,80,pink,0.9482617586912065,21.0
9,80,pink,0.9415132924335379,21.0
10,80,pink,0.9470347648261759,21.0
11,80,pink,0.9415132924335379,21.0
12,80,pink,0.9478527607361963,21.0
13,80,pink,0.9474437627811861,21.0
14,80,pink,0.945398773006135,21.0
15,80,pink,0.9421267893660532,21.0
16,80,pink,0.9470347648261759,21.0
17,80,pink,0.9460122699386503,21.0
18,80,pink,0.9425357873210634,21.0
19,80,pink,0.9429447852760736,21.0
20,80,pink,0.943558282208589,21.0
21,80,pink,0.9411042944785276,21.0
22,80,pink,0.9441717791411043,21.0
23,80,pink,0.9443762781186094,21.0
24,80,pink,0.9474437627811861,21.0
0,80,pink,0.9423312883435583,18.0
1,80,pink,0.9396728016359919,18.0
2,80,pink,0.9425357873210634,18.0
3,80,pink,0.9408997955010225,18.0
4,80,pink,0.9335378323108384,18.0
5,80,pink,0.9394683026584867,18.0
6,80,pink,0.9392638036809816,18.0
7,80,pink,0.9390593047034764,18.0
8,80,pink,0.938241308793456,18.0
9,80,pink,0.9384458077709611,18.0
10,80,pink,0.9384458077709611,18.0
11,80,pink,0.9386503067484663,18.0
12,80,pink,0.9392638036809816,18.0
13,80,pink,0.9406952965235174,18.0
14,80,pink,0.9421267893660532,18.0
15,80,pink,0.9361963190184049,18.0
16,80,pink,0.9384458077709611,18.0
17,80,pink,0.9402862985685072,18.0
18,80,pink,0.9370143149284254,18.0
19,80,pink,0.9374233128834356,18.0
20,80,pink,0.9366053169734151,18.0
21,80,pink,0.938036809815951,18.0
22,80,pink,0.9390593047034764,18.0
23,80,pink,0.9390593047034764,18.0
24,80,pink,0.9376278118609407,18.0
0,80,pink,0.9312883435582822,15.0
1,80,pink,0.9331288343558283,15.0
2,80,pink,0.9319018404907975,15.0
3,80,pink,0.9335378323108384,15.0
4,80,pink,0.9274028629856851,15.0
5,80,pink,0.9347648261758691,15.0
6,80,pink,0.9355828220858896,15.0
7,80,pink,0.9316973415132924,15.0
8,80,pink,0.9339468302658487,15.0
9,80,pink,0.9294478527607362,15.0
10,80,pink,0.9325153374233128,15.0
11,80,pink,0.9339468302658487,15.0
12,80,pink,0.9355828220858896,15.0
13,80,pink,0.930879345603272,15.0
14,80,pink,0.9370143149284254,15.0
15,80,pink,0.9280163599182004,15.0
16,80,pink,0.9331288343558283,15.0
17,80,pink,0.9312883435582822,15.0
18,80,pink,0.9310838445807771,15.0
19,80,pink,0.9298568507157464,15.0
20,80,pink,0.9276073619631902,15.0
21,80,pink,0.9337423312883436,15.0
22,80,pink,0.9335378323108384,15.0
23,80,pink,0.9323108384458078,15.0
24,80,pink,0.9339468302658487,15.0
0,80,pink,0.9249488752556237,12.0
1,80,pink,0.9245398773006135,12.0
2,80,pink,0.9200408997955011,12.0
3,80,pink,0.9245398773006135,12.0
4,80,pink,0.9173824130879346,12.0
5,80,pink,0.9257668711656442,12.0
6,80,pink,0.9208588957055215,12.0
7,80,pink,0.9241308793456032,12.0
8,80,pink,0.9253578732106339,12.0
9,80,pink,0.9214723926380368,12.0
10,80,pink,0.9249488752556237,12.0
11,80,pink,0.9251533742331288,12.0
12,80,pink,0.9249488752556237,12.0
13,80,pink,0.9212678936605317,12.0
14,80,pink,0.9276073619631902,12.0
15,80,pink,0.9208588957055215,12.0
16,80,pink,0.9229038854805726,12.0
17,80,pink,0.9216768916155419,12.0
18,80,pink,0.9204498977505112,12.0
19,80,pink,0.9202453987730062,12.0
20,80,pink,0.9210633946830266,12.0
21,80,pink,0.9220858895705522,12.0
22,80,pink,0.9245398773006135,12.0
23,80,pink,0.9231083844580777,12.0
24,80,pink,0.9259713701431492,12.0
0,80,pink,0.9047034764826176,9.0
1,80,pink,0.910838445807771,9.0
2,80,pink,0.9061349693251534,9.0
3,80,pink,0.9104294478527607,9.0
4,80,pink,0.9032719836400818,9.0
5,80,pink,0.9118609406952966,9.0
6,80,pink,0.9065439672801636,9.0
7,80,pink,0.9075664621676892,9.0
8,80,pink,0.9081799591002045,9.0
9,80,pink,0.9079754601226994,9.0
10,80,pink,0.907361963190184,9.0
11,80,pink,0.907361963190184,9.0
12,80,pink,0.9134969325153375,9.0
13,80,pink,0.9075664621676892,9.0
14,80,pink,0.9161554192229039,9.0
15,80,pink,0.9051124744376278,9.0
16,80,pink,0.9065439672801636,9.0
17,80,pink,0.9069529652351738,9.0
18,80,pink,0.908997955010225,9.0
19,80,pink,0.8993865030674847,9.0
20,80,pink,0.908997955010225,9.0
21,80,pink,0.9059304703476483,9.0
22,80,pink,0.912883435582822,9.0
23,80,pink,0.912678936605317,9.0
24,80,pink,0.9096114519427403,9.0
0,80,pink,0.8895705521472392,6.0
1,80,pink,0.894478527607362,6.0
2,80,pink,0.8885480572597138,6.0
3,80,pink,0.8965235173824131,6.0
4,80,pink,0.8842535787321063,6.0
5,80,pink,0.8914110429447852,6.0
6,80,pink,0.8924335378323108,6.0
7,80,pink,0.8887525562372188,6.0
8,80,pink,0.8897750511247444,6.0
9,80,pink,0.8889570552147239,6.0
10,80,pink,0.8899795501022495,6.0
11,80,pink,0.8948875255623722,6.0
12,80,pink,0.8948875255623722,6.0
13,80,pink,0.8920245398773006,6.0
14,80,pink,0.8985685071574642,6.0
15,80,pink,0.8901840490797546,6.0
16,80,pink,0.8891615541922291,6.0
17,80,pink,0.8955010224948875,6.0
18,80,pink,0.8846625766871166,6.0
19,80,pink,0.8883435582822086,6.0
20,80,pink,0.8893660531697342,6.0
21,80,pink,0.8948875255623722,6.0
22,80,pink,0.8997955010224948,6.0
23,80,pink,0.898159509202454,6.0
24,80,pink,0.8936605316973415,6.0
0,80,pink,0.8646216768916155,3.0
1,80,pink,0.8666666666666667,3.0
2,80,pink,0.8564417177914111,3.0
3,80,pink,0.8615541922290388,3.0
4,80,pink,0.8591002044989775,3.0
5,80,pink,0.8627811860940695,3.0
6,80,pink,0.8670756646216768,3.0
7,80,pink,0.8660531697341514,3.0
8,80,pink,0.8666666666666667,3.0
9,80,pink,0.8652351738241308,3.0
10,80,pink,0.869120654396728,3.0
11,80,pink,0.8664621676891615,3.0
12,80,pink,0.8711656441717791,3.0
13,80,pink,0.8656441717791411,3.0
14,80,pink,0.8705521472392638,3.0
15,80,pink,0.8631901840490798,3.0
16,80,pink,0.8629856850715747,3.0
17,80,pink,0.8617586912065439,3.0
18,80,pink,0.86359918200409,3.0
19,80,pink,0.86359918200409,3.0
20,80,pink,0.8629856850715747,3.0
21,80,pink,0.8711656441717791,3.0
22,80,pink,0.8740286298568507,3.0
23,80,pink,0.8732106339468303,3.0
24,80,pink,0.8640081799591002,3.0
0,80,pink,0.8323108384458078,0.0
1,80,pink,0.8321063394683027,0.0
2,80,pink,0.8282208588957055,0.0
3,80,pink,0.8263803680981595,0.0
4,80,pink,0.8276073619631902,0.0
5,80,pink,0.8235173824130879,0.0
6,80,pink,0.8298568507157464,0.0
7,80,pink,0.8321063394683027,0.0
8,80,pink,0.8319018404907975,0.0
9,80,pink,0.8298568507157464,0.0
10,80,pink,0.8331288343558282,0.0
11,80,pink,0.834560327198364,0.0
12,80,pink,0.8343558282208589,0.0
13,80,pink,0.8253578732106339,0.0
14,80,pink,0.8339468302658487,0.0
15,80,pink,0.8316973415132924,0.0
16,80,pink,0.8257668711656442,0.0
17,80,pink,0.8394683026584867,0.0
18,80,pink,0.8263803680981595,0.0
19,80,pink,0.8321063394683027,0.0
20,80,pink,0.8241308793456033,0.0
21,80,pink,0.8304703476482618,0.0
22,80,pink,0.838241308793456,0.0
23,80,pink,0.8251533742331288,0.0
24,80,pink,0.8368098159509203,0.0
0,80,pink,0.7738241308793457,-3.0
1,80,pink,0.7699386503067485,-3.0
2,80,pink,0.7687116564417178,-3.0
3,80,pink,0.7664621676891615,-3.0
4,80,pink,0.776278118609407,-3.0
5,80,pink,0.7650306748466258,-3.0
6,80,pink,0.7783231083844581,-3.0
7,80,pink,0.7740286298568507,-3.0
8,80,pink,0.7813905930470347,-3.0
9,80,pink,0.7713701431492842,-3.0
10,80,pink,0.7752556237218814,-3.0
11,80,pink,0.7750511247443763,-3.0
12,80,pink,0.7697341513292434,-3.0
13,80,pink,0.7685071574642127,-3.0
14,80,pink,0.7748466257668711,-3.0
15,80,pink,0.772597137014315,-3.0
16,80,pink,0.7631901840490798,-3.0
17,80,pink,0.7807770961145194,-3.0
18,80,pink,0.7621676891615542,-3.0
19,80,pink,0.7656441717791411,-3.0
20,80,pink,0.7674846625766871,-3.0
21,80,pink,0.7717791411042945,-3.0
22,80,pink,0.7838445807770961,-3.0
23,80,pink,0.7719836400817995,-3.0
24,80,pink,0.7803680981595092,-3.0
0,80,babble,0.9588957055214724,24.0
1,80,babble,0.9521472392638037,24.0
2,80,babble,0.9529652351738241,24.0
3,80,babble,0.9574642126789366,24.0
4,80,babble,0.9554192229038855,24.0
5,80,babble,0.9564417177914111,24.0
6,80,babble,0.9564417177914111,24.0
7,80,babble,0.9531697341513292,24.0
8,80,babble,0.9541922290388548,24.0
9,80,babble,0.9527607361963191,24.0
10,80,babble,0.9548057259713701,24.0
11,80,babble,0.9550102249488752,24.0
12,80,babble,0.9576687116564417,24.0
13,80,babble,0.9568507157464212,24.0
14,80,babble,0.9533742331288344,24.0
15,80,babble,0.9515337423312883,24.0
16,80,babble,0.9554192229038855,24.0
17,80,babble,0.9537832310838446,24.0
18,80,babble,0.9533742331288344,24.0
19,80,babble,0.9513292433537832,24.0
20,80,babble,0.9513292433537832,24.0
21,80,babble,0.9527607361963191,24.0
22,80,babble,0.9560327198364008,24.0
23,80,babble,0.9521472392638037,24.0
24,80,babble,0.9552147239263804,24.0
0,80,babble,0.9570552147239264,21.0
1,80,babble,0.949079754601227,21.0
2,80,babble,0.9525562372188139,21.0
3,80,babble,0.9546012269938651,21.0
4,80,babble,0.9519427402862985,21.0
5,80,babble,0.9566462167689161,21.0
6,80,babble,0.9535787321063395,21.0
7,80,babble,0.950920245398773,21.0
8,80,babble,0.9525562372188139,21.0
9,80,babble,0.9507157464212679,21.0
10,80,babble,0.9541922290388548,21.0
11,80,babble,0.9531697341513292,21.0
12,80,babble,0.9576687116564417,21.0
13,80,babble,0.9556237218813906,21.0
14,80,babble,0.9537832310838446,21.0
15,80,babble,0.9482617586912065,21.0
16,80,babble,0.9525562372188139,21.0
17,80,babble,0.9537832310838446,21.0
18,80,babble,0.9496932515337423,21.0
19,80,babble,0.9511247443762781,21.0
20,80,babble,0.949079754601227,21.0
21,80,babble,0.9511247443762781,21.0
22,80,babble,0.9548057259713701,21.0
23,80,babble,0.9494887525562372,21.0
24,80,babble,0.9543967280163599,21.0
0,80,babble,0.9533742331288344,18.0
1,80,babble,0.9474437627811861,18.0
2,80,babble,0.9517382413087935,18.0
3,80,babble,0.9531697341513292,18.0
4,80,babble,0.9505112474437628,18.0
5,80,babble,0.9537832310838446,18.0
6,80,babble,0.9501022494887525,18.0
7,80,babble,0.9480572597137015,18.0
8,80,babble,0.950920245398773,18.0
9,80,babble,0.9496932515337423,18.0
10,80,babble,0.9529652351738241,18.0
11,80,babble,0.9498977505112475,18.0
12,80,babble,0.9570552147239264,18.0
13,80,babble,0.9529652351738241,18.0
14,80,babble,0.9503067484662576,18.0
15,80,babble,0.9464212678936605,18.0
16,80,babble,0.9486707566462168,18.0
17,80,babble,0.9505112474437628,18.0
18,80,babble,0.9460122699386503,18.0
19,80,babble,0.9460122699386503,18.0
20,80,babble,0.947239263803681,18.0
21,80,babble,0.9488752556237219,18.0
22,80,babble,0.9511247443762781,18.0
23,80,babble,0.9486707566462168,18.0
24,80,babble,0.9525562372188139,18.0
0,80,babble,0.9484662576687116,15.0
1,80,babble,0.9425357873210634,15.0
2,80,babble,0.947239263803681,15.0
3,80,babble,0.9488752556237219,15.0
4,80,babble,0.9451942740286299,15.0
5,80,babble,0.9494887525562372,15.0
6,80,babble,0.9445807770961145,15.0
7,80,babble,0.9451942740286299,15.0
8,80,babble,0.947239263803681,15.0
9,80,babble,0.945398773006135,15.0
10,80,babble,0.9484662576687116,15.0
11,80,babble,0.9470347648261759,15.0
12,80,babble,0.9507157464212679,15.0
13,80,babble,0.9505112474437628,15.0
14,80,babble,0.9464212678936605,15.0
15,80,babble,0.9443762781186094,15.0
16,80,babble,0.9458077709611452,15.0
17,80,babble,0.9476482617586912,15.0
18,80,babble,0.9413087934560327,15.0
19,80,babble,0.9427402862985685,15.0
20,80,babble,0.9429447852760736,15.0
21,80,babble,0.9445807770961145,15.0
22,80,babble,0.9503067484662576,15.0
23,80,babble,0.9462167689161555,15.0
24,80,babble,0.9494887525562372,15.0
0,80,babble,0.9415132924335379,12.0
1,80,babble,0.9370143149284254,12.0
2,80,babble,0.938036809815951,12.0
3,80,babble,0.9408997955010225,12.0
4,80,babble,0.9378323108384458,12.0
5,80,babble,0.9411042944785276,12.0
6,80,babble,0.9368098159509203,12.0
7,80,babble,0.938241308793456,12.0
8,80,babble,0.9392638036809816,12.0
9,80,babble,0.9402862985685072,12.0
10,80,babble,0.9376278118609407,12.0
11,80,babble,0.9392638036809816,12.0
12,80,babble,0.9427402862985685,12.0
13,80,babble,0.9439672801635992,12.0
14,80,babble,0.9402862985685072,12.0
15,80,babble,0.9361963190184049,12.0
16,80,babble,0.9372188139059304,12.0
17,80,babble,0.9411042944785276,12.0
18,80,babble,0.9359918200408998,12.0
19,80,babble,0.9384458077709611,12.0
20,80,babble,0.9357873210633947,12.0
21,80,babble,0.9402862985685072,12.0
22,80,babble,0.9431492842535787,12.0
23,80,babble,0.9413087934560327,12.0
24,80,babble,0.9425357873210634,12.0
0,80,babble,0.9314928425357873,9.0
1,80,babble,0.9261758691206544,9.0
2,80,babble,0.9261758691206544,9.0
3,80,babble,0.9304703476482618,9.0
4,80,babble,0.9249488752556237,9.0
5,80,babble,0.9292433537832311,9.0
6,80,babble,0.9304703476482618,9.0
7,80,babble,0.92719836400818,9.0
8,80,babble,0.9294478527607362,9.0
9,80,babble,0.9304703476482618,9.0
10,80,babble,0.9294478527607362,9.0
11,80,babble,0.9319018404907975,9.0
12,80,babble,0.9335378323108384,9.0
13,80,babble,0.932719836400818,9.0
14,80,babble,0.9331288343558283,9.0
15,80,babble,0.9257668711656442,9.0
16,80,babble,0.9296523517382413,9.0
17,80,babble,0.9312883435582822,9.0
18,80,babble,0.9267893660531697,9.0
19,80,babble,0.9239263803680982,9.0
20,80,babble,0.9284253578732107,9.0
21,80,babble,0.9278118609406953,9.0
22,80,babble,0.9343558282208589,9.0
23,80,babble,0.9294478527607362,9.0
24,80,babble,0.9343558282208589,9.0
0,80,babble,0.9165644171779141,6.0
1,80,babble,0.9114519427402863,6.0
2,80,babble,0.912678936605317,6.0
3,80,babble,0.914519427402863,6.0
4,80,babble,0.9104294478527607,6.0
5,80,babble,0.9139059304703476,6.0
6,80,babble,0.9188139059304703,6.0
7,80,babble,0.9122699386503067,6.0
8,80,babble,0.9175869120654396,6.0
9,80,babble,0.9157464212678936,6.0
10,80,babble,0.9159509202453988,6.0
11,80,babble,0.9177914110429448,6.0
12,80,babble,0.9204498977505112,6.0
13,80,babble,0.9169734151329243,6.0
14,80,babble,0.9188139059304703,6.0
15,80,babble,0.9118609406952966,6.0
16,80,babble,0.9157464212678936,6.0
17,80,babble,0.916359918200409,6.0
18,80,babble,0.9116564417177914,6.0
19,80,babble,0.9118609406952966,6.0
20,80,babble,0.9132924335378323,6.0
21,80,babble,0.9157464212678936,6.0
22,80,babble,0.9192229038854806,6.0
23,80,babble,0.914519427402863,6.0
24,80,babble,0.9155419222903886,6.0
0,80,babble,0.8932515337423312,3.0
1,80,babble,0.8881390593047035,3.0
2,80,babble,0.8893660531697342,3.0
3,80,babble,0.8969325153374234,3.0
4,80,babble,0.8897750511247444,3.0
5,80,babble,0.8918200408997955,3.0
6,80,babble,0.9,3.0
7,80,babble,0.8916155419222904,3.0
8,80,babble,0.8940695296523518,3.0
9,80,babble,0.896319018404908,3.0
10,80,babble,0.8979550102249488,3.0
11,80,babble,0.8955010224948875,3.0
12,80,babble,0.8975460122699387,3.0
13,80,babble,0.8946830265848671,3.0
14,80,babble,0.9030674846625767,3.0
15,80,babble,0.8858895705521472,3.0
16,80,babble,0.8975460122699387,3.0
17,80,babble,0.8907975460122699,3.0
18,80,babble,0.8899795501022495,3.0
19,80,babble,0.8881390593047035,3.0
20,80,babble,0.8905930470347648,3.0
21,80,babble,0.8952965235173824,3.0
22,80,babble,0.8997955010224948,3.0
23,80,babble,0.8901840490797546,3.0
24,80,babble,0.8940695296523518,3.0
0,80,babble,0.8574642126789366,0.0
1,80,babble,0.8488752556237219,0.0
2,80,babble,0.850920245398773,0.0
3,80,babble,0.8599182004089979,0.0
4,80,babble,0.8529652351738242,0.0
5,80,babble,0.8562372188139059,0.0
6,80,babble,0.8666666666666667,0.0
7,80,babble,0.8578732106339468,0.0
8,80,babble,0.854601226993865,0.0
9,80,babble,0.8588957055214724,0.0
10,80,babble,0.8564417177914111,0.0
11,80,babble,0.8570552147239264,0.0
12,80,babble,0.8576687116564418,0.0
13,80,babble,0.8564417177914111,0.0
14,80,babble,0.8648261758691207,0.0
15,80,babble,0.8484662576687116,0.0
16,80,babble,0.8578732106339468,0.0
17,80,babble,0.8554192229038855,0.0
18,80,babble,0.8494887525562372,0.0
19,80,babble,0.8521472392638036,0.0
20,80,babble,0.8482617586912066,0.0
21,80,babble,0.8566462167689162,0.0
22,80,babble,0.8599182004089979,0.0
23,80,babble,0.8505112474437628,0.0
24,80,babble,0.8525562372188139,0.0
0,80,babble,0.791002044989775,-3.0
1,80,babble,0.7918200408997955,-3.0
2,80,babble,0.7889570552147239,-3.0
3,80,babble,0.7879345603271983,-3.0
4,80,babble,0.7862985685071575,-3.0
5,80,babble,0.7973415132924335,-3.0
6,80,babble,0.7979550102249489,-3.0
7,80,babble,0.7850715746421267,-3.0
8,80,babble,0.7834355828220859,-3.0
9,80,babble,0.791002044989775,-3.0
10,80,babble,0.7856850715746422,-3.0
11,80,babble,0.7991820040899795,-3.0
12,80,babble,0.7957055214723926,-3.0
13,80,babble,0.7940695296523518,-3.0
14,80,babble,0.7932515337423313,-3.0
15,80,babble,0.7871165644171779,-3.0
16,80,babble,0.789161554192229,-3.0
17,80,babble,0.791002044989775,-3.0
18,80,babble,0.7832310838445807,-3.0
19,80,babble,0.7899795501022495,-3.0
20,80,babble,0.7893660531697342,-3.0
21,80,babble,0.7934560327198364,-3.0
22,80,babble,0.8026584867075665,-3.0
23,80,babble,0.7809815950920246,-3.0
24,80,babble,0.7914110429447853,-3.0
0,80,kitchen,0.9539877300613497,24.0
1,80,kitchen,0.9525562372188139,24.0
2,80,kitchen,0.9543967280163599,24.0
3,80,kitchen,0.9580777096114519,24.0
4,80,kitchen,0.9533742331288344,24.0
5,80,kitchen,0.9539877300613497,24.0
6,80,kitchen,0.9513292433537832,24.0
7,80,kitchen,0.9546012269938651,24.0
8,80,kitchen,0.9543967280163599,24.0
9,80,kitchen,0.9488752556237219,24.0
10,80,kitchen,0.9535787321063395,24.0
11,80,kitchen,0.9548057259713701,24.0
12,80,kitchen,0.9550102249488752,24.0
13,80,kitchen,0.9566462167689161,24.0
14,80,kitchen,0.9519427402862985,24.0
15,80,kitchen,0.9525562372188139,24.0
16,80,kitchen,0.9578732106339468,24.0
17,80,kitchen,0.9537832310838446,24.0
18,80,kitchen,0.9521472392638037,24.0
19,80,kitchen,0.9535787321063395,24.0
20,80,kitchen,0.9517382413087935,24.0
21,80,kitchen,0.9503067484662576,24.0
22,80,kitchen,0.9546012269938651,24.0
23,80,kitchen,0.9546012269938651,24.0
24,80,kitchen,0.9580777096114519,24.0
0,80,kitchen,0.9507157464212679,21.0
1,80,kitchen,0.9515337423312883,21.0
2,80,kitchen,0.9521472392638037,21.0
3,80,kitchen,0.9570552147239264,21.0
4,80,kitchen,0.9535787321063395,21.0
5,80,kitchen,0.9523517382413088,21.0
6,80,kitchen,0.9494887525562372,21.0
7,80,kitchen,0.9523517382413088,21.0
8,80,kitchen,0.9533742331288344,21.0
9,80,kitchen,0.9470347648261759,21.0
10,80,kitchen,0.9535787321063395,21.0
11,80,kitchen,0.9527607361963191,21.0
12,80,kitchen,0.9541922290388548,21.0
13,80,kitchen,0.9556237218813906,21.0
14,80,kitchen,0.9523517382413088,21.0
15,80,kitchen,0.9511247443762781,21.0
16,80,kitchen,0.9564417177914111,21.0
17,80,kitchen,0.9535787321063395,21.0
18,80,kitchen,0.9496932515337423,21.0
19,80,kitchen,0.9507157464212679,21.0
20,80,kitchen,0.9503067484662576,21.0
21,80,kitchen,0.9501022494887525,21.0
22,80,kitchen,0.9533742331288344,21.0
23,80,kitchen,0.9531697341513292,21.0
24,80,kitchen,0.9550102249488752,21.0
0,80,kitchen,0.9496932515337423,18.0
1,80,kitchen,0.9482617586912065,18.0
2,80,kitchen,0.9519427402862985,18.0
3,80,kitchen,0.9533742331288344,18.0
4,80,kitchen,0.9498977505112475,18.0
5,80,kitchen,0.9505112474437628,18.0
6,80,kitchen,0.947239263803681,18.0
7,80,kitchen,0.9515337423312883,18.0
8,80,kitchen,0.9494887525562372,18.0
9,80,kitchen,0.9468302658486708,18.0
10,80,kitchen,0.9517382413087935,18.0
11,80,kitchen,0.9494887525562372,18.0
12,80,kitchen,0.9537832310838446,18.0
13,80,kitchen,0.9527607361963191,18.0
14,80,kitchen,0.9505112474437628,18.0
15,80,kitchen,0.9488752556237219,18.0
16,80,kitchen,0.9533742331288344,18.0
17,80,kitchen,0.9515337423312883,18.0
18,80,kitchen,0.949079754601227,18.0
19,80,kitchen,0.9492842535787321,18.0
20,80,kitchen,0.9488752556237219,18.0
21,80,kitchen,0.9478527607361963,18.0
22,80,kitchen,0.9505112474437628,18.0
23,80,kitchen,0.9507157464212679,18.0
24,80,kitchen,0.950920245398773,18.0
0,80,kitchen,0.9460122699386503,15.0
1,80,kitchen,0.9474437627811861,15.0
2,80,kitchen,0.9470347648261759,15.0
3,80,kitchen,0.9511247443762781,15.0
4,80,kitchen,0.9478527607361963,15.0
5,80,kitchen,0.947239263803681,15.0
6,80,kitchen,0.9431492842535787,15.0
7,80,kitchen,0.9464212678936605,15.0
8,80,kitchen,0.9476482617586912,15.0
9,80,kitchen,0.9447852760736196,15.0
10,80,kitchen,0.9484662576687116,15.0
11,80,kitchen,0.9464212678936605,15.0
12,80,kitchen,0.9529652351738241,15.0
13,80,kitchen,0.9501022494887525,15.0
14,80,kitchen,0.9478527607361963,15.0
15,80,kitchen,0.9480572597137015,15.0
16,80,kitchen,0.9496932515337423,15.0
17,80,kitchen,0.9484662576687116,15.0
18,80,kitchen,0.9468302658486708,15.0
19,80,kitchen,0.945398773006135,15.0
20,80,kitchen,0.9451942740286299,15.0
21,80,kitchen,0.945398773006135,15.0
22,80,kitchen,0.9480572597137015,15.0
23,80,kitchen,0.9478527607361963,15.0
24,80,kitchen,0.9466257668711656,15.0
0,80,kitchen,0.9439672801635992,12.0
1,80,kitchen,0.9449897750511247,12.0
2,80,kitchen,0.943558282208589,12.0
3,80,kitchen,0.9460122699386503,12.0
4,80,kitchen,0.9423312883435583,12.0
5,80,kitchen,0.9439672801635992,12.0
6,80,kitchen,0.9411042944785276,12.0
7,80,kitchen,0.9427402862985685,12.0
8,80,kitchen,0.943762781186094,12.0
9,80,kitchen,0.9408997955010225,12.0
10,80,kitchen,0.9470347648261759,12.0
11,80,kitchen,0.9423312883435583,12.0
12,80,kitchen,0.9498977505112475,12.0
13,80,kitchen,0.9476482617586912,12.0
14,80,kitchen,0.9433537832310839,12.0
15,80,kitchen,0.9460122699386503,12.0
16,80,kitchen,0.9464212678936605,12.0
17,80,kitchen,0.9476482617586912,12.0
18,80,kitchen,0.9433537832310839,12.0
19,80,kitchen,0.9408997955010225,12.0
20,80,kitchen,0.943762781186094,12.0
21,80,kitchen,0.941717791411043,12.0
22,80,kitchen,0.9449897750511247,12.0
23,80,kitchen,0.9458077709611452,12.0
24,80,kitchen,0.9427402862985685,12.0
0,80,kitchen,0.941922290388548,9.0
1,80,kitchen,0.9415132924335379,9.0
2,80,kitchen,0.940081799591002,9.0
3,80,kitchen,0.9413087934560327,9.0
4,80,kitchen,0.9347648261758691,9.0
5,80,kitchen,0.9411042944785276,9.0
6,80,kitchen,0.9378323108384458,9.0
7,80,kitchen,0.9390593047034764,9.0
8,80,kitchen,0.9394683026584867,9.0
9,80,kitchen,0.938036809815951,9.0
10,80,kitchen,0.9441717791411043,9.0
11,80,kitchen,0.939877300613497,9.0
12,80,kitchen,0.9447852760736196,9.0
13,80,kitchen,0.9431492842535787,9.0
14,80,kitchen,0.9421267893660532,9.0
15,80,kitchen,0.9423312883435583,9.0
16,80,kitchen,0.9406952965235174,9.0
17,80,kitchen,0.9408997955010225,9.0
18,80,kitchen,0.9366053169734151,9.0
19,80,kitchen,0.938036809815951,9.0
20,80,kitchen,0.9386503067484663,9.0
21,80,kitchen,0.9404907975460123,9.0
22,80,kitchen,0.941717791411043,9.0
23,80,kitchen,0.9408997955010225,9.0
24,80,kitchen,0.9402862985685072,9.0
0,80,kitchen,0.9376278118609407,6.0
1,80,kitchen,0.9392638036809816,6.0
2,80,kitchen,0.9355828220858896,6.0
3,80,kitchen,0.9343558282208589,6.0
4,80,kitchen,0.9319018404907975,6.0
5,80,kitchen,0.9347648261758691,6.0
6,80,kitchen,0.9337423312883436,6.0
7,80,kitchen,0.9353783231083844,6.0
8,80,kitchen,0.9339468302658487,6.0
9,80,kitchen,0.9351738241308793,6.0
10,80,kitchen,0.9406952965235174,6.0
11,80,kitchen,0.9368098159509203,6.0
12,80,kitchen,0.9392638036809816,6.0
13,80,kitchen,0.9370143149284254,6.0
14,80,kitchen,0.9370143149284254,6.0
15,80,kitchen,0.9347648261758691,6.0
16,80,kitchen,0.9357873210633947,6.0
17,80,kitchen,0.9341513292433538,6.0
18,80,kitchen,0.9333333333333333,6.0
19,80,kitchen,0.9333333333333333,6.0
20,80,kitchen,0.9314928425357873,6.0
21,80,kitchen,0.9349693251533743,6.0
22,80,kitchen,0.941717791411043,6.0
23,80,kitchen,0.9376278118609407,6.0
24,80,kitchen,0.9366053169734151,6.0
0,80,kitchen,0.9355828220858896,3.0
1,80,kitchen,0.9323108384458078,3.0
2,80,kitchen,0.9294478527607362,3.0
3,80,kitchen,0.9302658486707567,3.0
4,80,kitchen,0.9251533742331288,3.0
5,80,kitchen,0.9300613496932515,3.0
6,80,kitchen,0.9323108384458078,3.0
7,80,kitchen,0.9323108384458078,3.0
8,80,kitchen,0.9284253578732107,3.0
9,80,kitchen,0.9300613496932515,3.0
10,80,kitchen,0.9335378323108384,3.0
11,80,kitchen,0.9325153374233128,3.0
12,80,kitchen,0.9355828220858896,3.0
13,80,kitchen,0.9296523517382413,3.0
14,80,kitchen,0.9316973415132924,3.0
15,80,kitchen,0.92719836400818,3.0
16,80,kitchen,0.9292433537832311,3.0
17,80,kitchen,0.9241308793456032,3.0
18,80,kitchen,0.9267893660531697,3.0
19,80,kitchen,0.9296523517382413,3.0
20,80,kitchen,0.9233128834355828,3.0
21,80,kitchen,0.9269938650306748,3.0
22,80,kitchen,0.9351738241308793,3.0
23,80,kitchen,0.9312883435582822,3.0
24,80,kitchen,0.9361963190184049,3.0
0,80,kitchen,0.9253578732106339,0.0
1,80,kitchen,0.9247443762781186,0.0
2,80,kitchen,0.9157464212678936,0.0
3,80,kitchen,0.9224948875255624,0.0
4,80,kitchen,0.9188139059304703,0.0
5,80,kitchen,0.9243353783231084,0.0
6,80,kitchen,0.9255623721881391,0.0
7,80,kitchen,0.9222903885480572,0.0
8,80,kitchen,0.9214723926380368,0.0
9,80,kitchen,0.9212678936605317,0.0
10,80,kitchen,0.9226993865030675,0.0
11,80,kitchen,0.9253578732106339,0.0
12,80,kitchen,0.9288343558282208,0.0
13,80,kitchen,0.9198364008179959,0.0
14,80,kitchen,0.9259713701431492,0.0
15,80,kitchen,0.918200408997955,0.0
16,80,kitchen,0.9210633946830266,0.0
17,80,kitchen,0.918200408997955,0.0
18,80,kitchen,0.9177914110429448,0.0
19,80,kitchen,0.9179959100204499,0.0
20,80,kitchen,0.9196319018404908,0.0
21,80,kitchen,0.9155419222903886,0.0
22,80,kitchen,0.9282208588957055,0.0
23,80,kitchen,0.9224948875255624,0.0
24,80,kitchen,0.9257668711656442,0.0
0,80,kitchen,0.9161554192229039,-3.0
1,80,kitchen,0.9134969325153375,-3.0
2,80,kitchen,0.9030674846625767,-3.0
3,80,kitchen,0.908997955010225,-3.0
4,80,kitchen,0.9081799591002045,-3.0
5,80,kitchen,0.916359918200409,-3.0
6,80,kitchen,0.9134969325153375,-3.0
7,80,kitchen,0.9155419222903886,-3.0
8,80,kitchen,0.911042944785276,-3.0
9,80,kitchen,0.9087934560327199,-3.0
10,80,kitchen,0.9137014314928426,-3.0
11,80,kitchen,0.914519427402863,-3.0
12,80,kitchen,0.9141104294478528,-3.0
13,80,kitchen,0.9083844580777096,-3.0
14,80,kitchen,0.9116564417177914,-3.0
15,80,kitchen,0.9106339468302659,-3.0
16,80,kitchen,0.9112474437627812,-3.0
17,80,kitchen,0.9065439672801636,-3.0
18,80,kitchen,0.9042944785276074,-3.0
19,80,kitchen,0.903476482617587,-3.0
20,80,kitchen,0.9067484662576687,-3.0
21,80,kitchen,0.8985685071574642,-3.0
22,80,kitchen,0.9184049079754601,-3.0
23,80,kitchen,0.9132924335378323,-3.0
24,80,kitchen,0.9141104294478528,-3.0
0,80,office,0.9568507157464212,24.0
1,80,office,0.9558282208588957,24.0
2,80,office,0.9554192229038855,24.0
3,80,office,0.9607361963190184,24.0
4,80,office,0.9591002044989775,24.0
5,80,office,0.9580777096114519,24.0
6,80,office,0.9560327198364008,24.0
7,80,office,0.9572597137014315,24.0
8,80,office,0.9570552147239264,24.0
9,80,office,0.9550102249488752,24.0
10,80,office,0.9568507157464212,24.0
11,80,office,0.9591002044989775,24.0
12,80,office,0.9611451942740287,24.0
13,80,office,0.9607361963190184,24.0
14,80,office,0.9562372188139059,24.0
15,80,office,0.9562372188139059,24.0
16,80,office,0.9613496932515337,24.0
17,80,office,0.9562372188139059,24.0
18,80,office,0.9564417177914111,24.0
19,80,office,0.9548057259713701,24.0
20,80,office,0.9523517382413088,24.0
21,80,office,0.9537832310838446,24.0
22,80,office,0.9584867075664621,24.0
23,80,office,0.9574642126789366,24.0
24,80,office,0.9595092024539877,24.0
0,80,office,0.9568507157464212,21.0
1,80,office,0.9533742331288344,21.0
2,80,office,0.9548057259713701,21.0
3,80,office,0.9609406952965235,21.0
4,80,office,0.9560327198364008,21.0
5,80,office,0.9586912065439673,21.0
6,80,office,0.9552147239263804,21.0
7,80,office,0.9578732106339468,21.0
8,80,office,0.9543967280163599,21.0
9,80,office,0.9552147239263804,21.0
10,80,office,0.9568507157464212,21.0
11,80,office,0.9578732106339468,21.0
12,80,office,0.9601226993865031,21.0
13,80,office,0.9603271983640081,21.0
14,80,office,0.9568507157464212,21.0
15,80,office,0.9562372188139059,21.0
16,80,office,0.9605316973415133,21.0
17,80,office,0.9562372188139059,21.0
18,80,office,0.9558282208588957,21.0
19,80,office,0.9554192229038855,21.0
20,80,office,0.9529652351738241,21.0
21,80,office,0.9548057259713701,21.0
22,80,office,0.9574642126789366,21.0
23,80,office,0.9576687116564417,21.0
24,80,office,0.9578732106339468,21.0
0,80,office,0.9564417177914111,18.0
1,80,office,0.9525562372188139,18.0
2,80,office,0.9543967280163599,18.0
3,80,office,0.9584867075664621,18.0
4,80,office,0.9552147239263804,18.0
5,80,office,0.9570552147239264,18.0
6,80,office,0.9546012269938651,18.0
7,80,office,0.9572597137014315,18.0
8,80,office,0.9546012269938651,18.0
9,80,office,0.9552147239263804,18.0
10,80,office,0.9560327198364008,18.0
11,80,office,0.9580777096114519,18.0
12,80,office,0.9584867075664621,18.0
13,80,office,0.9611451942740287,18.0
14,80,office,0.9560327198364008,18.0
15,80,office,0.9564417177914111,18.0
16,80,office,0.9580777096114519,18.0
17,80,office,0.9548057259713701,18.0
18,80,office,0.9566462167689161,18.0
19,80,office,0.9548057259713701,18.0
20,80,office,0.9517382413087935,18.0
21,80,office,0.9531697341513292,18.0
22,80,office,0.9554192229038855,18.0
23,80,office,0.9578732106339468,18.0
24,80,office,0.9568507157464212,18.0
0,80,office,0.9558282208588957,15.0
1,80,office,0.9525562372188139,15.0
2,80,office,0.9543967280163599,15.0
3,80,office,0.9568507157464212,15.0
4,80,office,0.9529652351738241,15.0
5,80,office,0.9546012269938651,15.0
6,80,office,0.9533742331288344,15.0
7,80,office,0.9562372188139059,15.0
8,80,office,0.9533742331288344,15.0
9,80,office,0.9543967280163599,15.0
10,80,office,0.9562372188139059,15.0
11,80,office,0.9572597137014315,15.0
12,80,office,0.9572597137014315,15.0
13,80,office,0.9593047034764827,15.0
14,80,office,0.9546012269938651,15.0
15,80,office,0.9570552147239264,15.0
16,80,office,0.9568507157464212,15.0
17,80,office,0.9548057259713701,15.0
18,80,office,0.9564417177914111,15.0
19,80,office,0.9531697341513292,15.0
20,80,office,0.9507157464212679,15.0
21,80,office,0.9519427402862985,15.0
22,80,office,0.9554192229038855,15.0
23,80,office,0.9560327198364008,15.0
24,80,office,0.9570552147239264,15.0
0,80,office,0.9550102249488752,12.0
1,80,office,0.9519427402862985,12.0
2,80,office,0.9515337423312883,12.0
3,80,office,0.9554192229038855,12.0
4,80,office,0.9503067484662576,12.0
5,80,office,0.9529652351738241,12.0
6,80,office,0.9515337423312883,12.0
7,80,office,0.9537832310838446,12.0
8,80,office,0.9511247443762781,12.0
9,80,office,0.9531697341513292,12.0
10,80,office,0.9529652351738241,12.0
11,80,office,0.9552147239263804,12.0
12,80,office,0.9558282208588957,12.0
13,80,office,0.9564417177914111,12.0
14,80,office,0.9539877300613497,12.0
15,80,office,0.9560327198364008,12.0
16,80,office,0.9548057259713701,12.0
17,80,office,0.9521472392638037,12.0
18,80,office,0.9525562372188139,12.0
19,80,office,0.9525562372188139,12.0
20,80,office,0.9494887525562372,12.0
21,80,office,0.9515337423312883,12.0
22,80,office,0.9533742331288344,12.0
23,80,office,0.9539877300613497,12.0
24,80,office,0.9566462167689161,12.0
0,80,office,0.9546012269938651,9.0
1,80,office,0.9498977505112475,9.0
2,80,office,0.950920245398773,9.0
3,80,office,0.9515337423312883,9.0
4,80,office,0.949079754601227,9.0
5,80,office,0.9517382413087935,9.0
6,80,office,0.949079754601227,9.0
7,80,office,0.9527607361963191,9.0
8,80,office,0.9505112474437628,9.0
9,80,office,0.9513292433537832,9.0
10,80,office,0.9523517382413088,9.0
11,80,office,0.9519427402862985,9.0
12,80,office,0.9527607361963191,9.0
13,80,office,0.9546012269938651,9.0
14,80,office,0.9503067484662576,9.0
15,80,office,0.9531697341513292,9.0
16,80,office,0.9511247443762781,9.0
17,80,office,0.9480572597137015,9.0
18,80,office,0.9525562372188139,9.0
19,80,office,0.9521472392638037,9.0
20,80,office,0.947239263803681,9.0
21,80,office,0.9492842535787321,9.0
22,80,office,0.9484662576687116,9.0
23,80,office,0.9511247443762781,9.0
24,80,office,0.9558282208588957,9.0
0,80,office,0.9525562372188139,6.0
1,80,office,0.9470347648261759,6.0
2,80,office,0.9488752556237219,6.0
3,80,office,0.9492842535787321,6.0
4,80,office,0.9478527607361963,6.0
5,80,office,0.9470347648261759,6.0
6,80,office,0.9451942740286299,6.0
7,80,office,0.9484662576687116,6.0
8,80,office,0.9466257668711656,6.0
9,80,office,0.9492842535787321,6.0
10,80,office,0.9513292433537832,6.0
11,80,office,0.9480572597137015,6.0
12,80,office,0.9486707566462168,6.0
13,80,office,0.9527607361963191,6.0
14,80,office,0.9466257668711656,6.0
15,80,office,0.9503067484662576,6.0
16,80,office,0.9480572597137015,6.0
17,80,office,0.9460122699386503,6.0
18,80,office,0.9484662576687116,6.0
19,80,office,0.9482617586912065,6.0
20,80,office,0.9433537832310839,6.0
21,80,office,0.9456032719836401,6.0
22,80,office,0.9445807770961145,6.0
23,80,office,0.9482617586912065,6.0
24,80,office,0.9511247443762781,6.0
0,80,office,0.9503067484662576,3.0
1,80,office,0.9445807770961145,3.0
2,80,office,0.9439672801635992,3.0
3,80,office,0.9474437627811861,3.0
4,80,office,0.9433537832310839,3.0
5,80,office,0.941717791411043,3.0
6,80,office,0.9408997955010225,3.0
7,80,office,0.943762781186094,3.0
8,80,office,0.9423312883435583,3.0
9,80,office,0.9445807770961145,3.0
10,80,office,0.9464212678936605,3.0
11,80,office,0.945398773006135,3.0
12,80,office,0.9451942740286299,3.0
13,80,office,0.9492842535787321,3.0
14,80,office,0.9470347648261759,3.0
15,80,office,0.9460122699386503,3.0
16,80,office,0.9439672801635992,3.0
17,80,office,0.9404907975460123,3.0
18,80,office,0.943762781186094,3.0
19,80,office,0.9427402862985685,3.0
20,80,office,0.9378323108384458,3.0
21,80,office,0.9386503067484663,3.0
22,80,office,0.941717791411043,3.0
23,80,office,0.9431492842535787,3.0
24,80,office,0.9456032719836401,3.0
0,80,office,0.9445807770961145,0.0
1,80,office,0.9396728016359919,0.0
2,80,office,0.934560327198364,0.0
3,80,office,0.9413087934560327,0.0
4,80,office,0.9368098159509203,0.0
5,80,office,0.9368098159509203,0.0
6,80,office,0.938036809815951,0.0
7,80,office,0.9394683026584867,0.0
8,80,office,0.9396728016359919,0.0
9,80,office,0.9388548057259714,0.0
10,80,office,0.9392638036809816,0.0
11,80,office,0.9392638036809816,0.0
12,80,office,0.9415132924335379,0.0
13,80,office,0.9425357873210634,0.0
14,80,office,0.941717791411043,0.0
15,80,office,0.9402862985685072,0.0
16,80,office,0.9404907975460123,0.0
17,80,office,0.934560327198364,0.0
18,80,office,0.9388548057259714,0.0
19,80,office,0.9359918200408998,0.0
20,80,office,0.9329243353783231,0.0
21,80,office,0.9323108384458078,0.0
22,80,office,0.93640081799591,0.0
23,80,office,0.9366053169734151,0.0
24,80,office,0.9392638036809816,0.0
0,80,office,0.9404907975460123,-3.0
1,80,office,0.9333333333333333,-3.0
2,80,office,0.9304703476482618,-3.0
3,80,office,0.9361963190184049,-3.0
4,80,office,0.9284253578732107,-3.0
5,80,office,0.9302658486707567,-3.0
6,80,office,0.9331288343558283,-3.0
7,80,office,0.9331288343558283,-3.0
8,80,office,0.9347648261758691,-3.0
9,80,office,0.9355828220858896,-3.0
10,80,office,0.9343558282208589,-3.0
11,80,office,0.9355828220858896,-3.0
12,80,office,0.938036809815951,-3.0
13,80,office,0.9353783231083844,-3.0
14,80,office,0.9347648261758691,-3.0
15,80,office,0.93640081799591,-3.0
16,80,office,0.9343558282208589,-3.0
17,80,office,0.92719836400818,-3.0
18,80,office,0.934560327198364,-3.0
19,80,office,0.9306748466257668,-3.0
20,80,office,0.9296523517382413,-3.0
21,80,office,0.9267893660531697,-3.0
22,80,office,0.932719836400818,-3.0
23,80,office,0.9316973415132924,-3.0
24,80,office,0.934560327198364,-3.0
0,80,living,0.9574642126789366,24.0
1,80,living,0.9570552147239264,24.0
2,80,living,0.9552147239263804,24.0
3,80,living,0.9568507157464212,24.0
4,80,living,0.9584867075664621,24.0
5,80,living,0.9564417177914111,24.0
6,80,living,0.9570552147239264,24.0
7,80,living,0.9576687116564417,24.0
8,80,living,0.9595092024539877,24.0
9,80,living,0.9554192229038855,24.0
10,80,living,0.9566462167689161,24.0
11,80,living,0.9603271983640081,24.0
12,80,living,0.9631901840490797,24.0
13,80,living,0.9582822085889571,24.0
14,80,living,0.9548057259713701,24.0
15,80,living,0.9548057259713701,24.0
16,80,living,0.9580777096114519,24.0
17,80,living,0.9556237218813906,24.0
18,80,living,0.9533742331288344,24.0
19,80,living,0.9543967280163599,24.0
20,80,living,0.9541922290388548,24.0
21,80,living,0.9546012269938651,24.0
22,80,living,0.9564417177914111,24.0
23,80,living,0.9554192229038855,24.0
24,80,living,0.9586912065439673,24.0
0,80,living,0.9539877300613497,21.0
1,80,living,0.9546012269938651,21.0
2,80,living,0.9546012269938651,21.0
3,80,living,0.9570552147239264,21.0
4,80,living,0.9576687116564417,21.0
5,80,living,0.9548057259713701,21.0
6,80,living,0.9556237218813906,21.0
7,80,living,0.9564417177914111,21.0
8,80,living,0.9564417177914111,21.0
9,80,living,0.9550102249488752,21.0
10,80,living,0.9562372188139059,21.0
11,80,living,0.9584867075664621,21.0
12,80,living,0.9601226993865031,21.0
13,80,living,0.9588957055214724,21.0
14,80,living,0.9541922290388548,21.0
15,80,living,0.9537832310838446,21.0
16,80,living,0.9570552147239264,21.0
17,80,living,0.9566462167689161,21.0
18,80,living,0.9531697341513292,21.0
19,80,living,0.9525562372188139,21.0
20,80,living,0.9513292433537832,21.0
21,80,living,0.9535787321063395,21.0
22,80,living,0.9552147239263804,21.0
23,80,living,0.9535787321063395,21.0
24,80,living,0.9580777096114519,21.0
0,80,living,0.9535787321063395,18.0
1,80,living,0.9529652351738241,18.0
2,80,living,0.9525562372188139,18.0
3,80,living,0.9564417177914111,18.0
4,80,living,0.9574642126789366,18.0
5,80,living,0.9543967280163599,18.0
6,80,living,0.9552147239263804,18.0
7,80,living,0.9552147239263804,18.0
8,80,living,0.9562372188139059,18.0
9,80,living,0.9527607361963191,18.0
10,80,living,0.9541922290388548,18.0
11,80,living,0.9570552147239264,18.0
12,80,living,0.9588957055214724,18.0
13,80,living,0.9552147239263804,18.0
14,80,living,0.9533742331288344,18.0
15,80,living,0.9521472392638037,18.0
16,80,living,0.9552147239263804,18.0
17,80,living,0.9550102249488752,18.0
18,80,living,0.950920245398773,18.0
19,80,living,0.9488752556237219,18.0
20,80,living,0.949079754601227,18.0
21,80,living,0.9519427402862985,18.0
22,80,living,0.9519427402862985,18.0
23,80,living,0.9552147239263804,18.0
24,80,living,0.9570552147239264,18.0
0,80,living,0.9523517382413088,15.0
1,80,living,0.9498977505112475,15.0
2,80,living,0.950920245398773,15.0
3,80,living,0.9527607361963191,15.0
4,80,living,0.9546012269938651,15.0
5,80,living,0.9529652351738241,15.0
6,80,living,0.9546012269938651,15.0
7,80,living,0.9492842535787321,15.0
8,80,living,0.9541922290388548,15.0
9,80,living,0.9507157464212679,15.0
10,80,living,0.9523517382413088,15.0
11,80,living,0.9554192229038855,15.0
12,80,living,0.9558282208588957,15.0
13,80,living,0.9531697341513292,15.0
14,80,living,0.9478527607361963,15.0
15,80,living,0.9511247443762781,15.0
16,80,living,0.9525562372188139,15.0
17,80,living,0.9525562372188139,15.0
18,80,living,0.9478527607361963,15.0
19,80,living,0.9484662576687116,15.0
20,80,living,0.9478527607361963,15.0
21,80,living,0.9501022494887525,15.0
22,80,living,0.9486707566462168,15.0
23,80,living,0.9515337423312883,15.0
24,80,living,0.9548057259713701,15.0
0,80,living,0.9498977505112475,12.0
1,80,living,0.9468302658486708,12.0
2,80,living,0.9474437627811861,12.0
3,80,living,0.9488752556237219,12.0
4,80,living,0.9498977505112475,12.0
5,80,living,0.9496932515337423,12.0
6,80,living,0.9501022494887525,12.0
7,80,living,0.9421267893660532,12.0
8,80,living,0.9494887525562372,12.0
9,80,living,0.9456032719836401,12.0
10,80,living,0.9511247443762781,12.0
11,80,living,0.9492842535787321,12.0
12,80,living,0.9533742331288344,12.0
13,80,living,0.9492842535787321,12.0
14,80,living,0.945398773006135,12.0
15,80,living,0.9494887525562372,12.0
16,80,living,0.9501022494887525,12.0
17,80,living,0.9496932515337423,12.0
18,80,living,0.9464212678936605,12.0
19,80,living,0.9443762781186094,12.0
20,80,living,0.9449897750511247,12.0
21,80,living,0.9484662576687116,12.0
22,80,living,0.9443762781186094,12.0
23,80,living,0.9496932515337423,12.0
24,80,living,0.949079754601227,12.0
0,80,living,0.9433537832310839,9.0
1,80,living,0.9406952965235174,9.0
2,80,living,0.9425357873210634,9.0
3,80,living,0.943762781186094,9.0
4,80,living,0.9466257668711656,9.0
5,80,living,0.9431492842535787,9.0
6,80,living,0.9462167689161555,9.0
7,80,living,0.9386503067484663,9.0
8,80,living,0.9468302658486708,9.0
9,80,living,0.9392638036809816,9.0
10,80,living,0.9460122699386503,9.0
11,80,living,0.9451942740286299,9.0
12,80,living,0.9464212678936605,9.0
13,80,living,0.9439672801635992,9.0
14,80,living,0.9413087934560327,9.0
15,80,living,0.9423312883435583,9.0
16,80,living,0.9443762781186094,9.0
17,80,living,0.9466257668711656,9.0
18,80,living,0.943558282208589,9.0
19,80,living,0.9386503067484663,9.0
20,80,living,0.939877300613497,9.0
21,80,living,0.9427402862985685,9.0
22,80,living,0.9408997955010225,9.0
23,80,living,0.9449897750511247,9.0
24,80,living,0.9439672801635992,9.0
0,80,living,0.9370143149284254,6.0
1,80,living,0.9349693251533743,6.0
2,80,living,0.9374233128834356,6.0
3,80,living,0.940081799591002,6.0
4,80,living,0.9361963190184049,6.0
5,80,living,0.938036809815951,6.0
6,80,living,0.9421267893660532,6.0
7,80,living,0.9349693251533743,6.0
8,80,living,0.941922290388548,6.0
9,80,living,0.9339468302658487,6.0
10,80,living,0.9408997955010225,6.0
11,80,living,0.938241308793456,6.0
12,80,living,0.9384458077709611,6.0
13,80,living,0.940081799591002,6.0
14,80,living,0.9353783231083844,6.0
15,80,living,0.9376278118609407,6.0
16,80,living,0.9370143149284254,6.0
17,80,living,0.9384458077709611,6.0
18,80,living,0.9347648261758691,6.0
19,80,living,0.9337423312883436,6.0
20,80,living,0.9351738241308793,6.0
21,80,living,0.9368098159509203,6.0
22,80,living,0.9374233128834356,6.0
23,80,living,0.9386503067484663,6.0
24,80,living,0.9396728016359919,6.0
0,80,living,0.9259713701431492,3.0
1,80,living,0.9294478527607362,3.0
2,80,living,0.9255623721881391,3.0
3,80,living,0.9292433537832311,3.0
4,80,living,0.9259713701431492,3.0
5,80,living,0.9253578732106339,3.0
6,80,living,0.9337423312883436,3.0
7,80,living,0.9212678936605317,3.0
8,80,living,0.9306748466257668,3.0
9,80,living,0.9267893660531697,3.0
10,80,living,0.929038854805726,3.0
11,80,living,0.9259713701431492,3.0
12,80,living,0.9269938650306748,3.0
13,80,living,0.929038854805726,3.0
14,80,living,0.9253578732106339,3.0
15,80,living,0.9274028629856851,3.0
16,80,living,0.9259713701431492,3.0
17,80,living,0.9298568507157464,3.0
18,80,living,0.9245398773006135,3.0
19,80,living,0.9237218813905931,3.0
20,80,living,0.9282208588957055,3.0
21,80,living,0.929038854805726,3.0
22,80,living,0.9253578732106339,3.0
23,80,living,0.9263803680981595,3.0
24,80,living,0.929038854805726,3.0
0,80,living,0.9112474437627812,0.0
1,80,living,0.9155419222903886,0.0
2,80,living,0.9112474437627812,0.0
3,80,living,0.9159509202453988,0.0
4,80,living,0.9151329243353783,0.0
5,80,living,0.9083844580777096,0.0
6,80,living,0.9134969325153375,0.0
7,80,living,0.9065439672801636,0.0
8,80,living,0.9132924335378323,0.0
9,80,living,0.9106339468302659,0.0
10,80,living,0.911042944785276,0.0
11,80,living,0.9087934560327199,0.0
12,80,living,0.9122699386503067,0.0
13,80,living,0.9120654396728016,0.0
14,80,living,0.9134969325153375,0.0
15,80,living,0.9079754601226994,0.0
16,80,living,0.9069529652351738,0.0
17,80,living,0.9137014314928426,0.0
18,80,living,0.9104294478527607,0.0
19,80,living,0.903680981595092,0.0
20,80,living,0.9106339468302659,0.0
21,80,living,0.90920245398773,0.0
22,80,living,0.9116564417177914,0.0
23,80,living,0.9112474437627812,0.0
24,80,living,0.9169734151329243,0.0
0,80,living,0.8842535787321063,-3.0
1,80,living,0.8907975460122699,-3.0
2,80,living,0.8838445807770962,-3.0
3,80,living,0.8936605316973415,-3.0
4,80,living,0.8928425357873211,-3.0
5,80,living,0.885480572597137,-3.0
6,80,living,0.8858895705521472,-3.0
7,80,living,0.885480572597137,-3.0
8,80,living,0.8918200408997955,-3.0
9,80,living,0.8926380368098159,-3.0
10,80,living,0.8875255623721882,-3.0
11,80,living,0.8813905930470347,-3.0
12,80,living,0.880163599182004,-3.0
13,80,living,0.8922290388548058,-3.0
14,80,living,0.885480572597137,-3.0
15,80,living,0.8748466257668711,-3.0
16,80,living,0.874437627811861,-3.0
17,80,living,0.8928425357873211,-3.0
18,80,living,0.8865030674846626,-3.0
19,80,living,0.8736196319018404,-3.0
20,80,living,0.8850715746421268,-3.0
21,80,living,0.8797546012269939,-3.0
22,80,living,0.8840490797546012,-3.0
23,80,living,0.8885480572597138,-3.0
24,80,living,0.887321063394683,-3.0
0,100,white,0.950920245398773,24.0
1,100,white,0.9503067484662576,24.0
2,100,white,0.9484662576687116,24.0
3,100,white,0.9476482617586912,24.0
4,100,white,0.9470347648261759,24.0
5,100,white,0.950920245398773,24.0
6,100,white,0.9458077709611452,24.0
7,100,white,0.9503067484662576,24.0
8,100,white,0.9466257668711656,24.0
9,100,white,0.9478527607361963,24.0
10,100,white,0.9478527607361963,24.0
11,100,white,0.9488752556237219,24.0
12,100,white,0.9511247443762781,24.0
13,100,white,0.9525562372188139,24.0
14,100,white,0.9501022494887525,24.0
15,100,white,0.9482617586912065,24.0
16,100,white,0.9501022494887525,24.0
17,100,white,0.9486707566462168,24.0
18,100,white,0.9484662576687116,24.0
19,100,white,0.9488752556237219,24.0
20,100,white,0.9470347648261759,24.0
21,100,white,0.9476482617586912,24.0
22,100,white,0.9521472392638037,24.0
23,100,white,0.9507157464212679,24.0
24,100,white,0.9501022494887525,24.0
0,100,white,0.9482617586912065,21.0
1,100,white,0.9464212678936605,21.0
2,100,white,0.9447852760736196,21.0
3,100,white,0.9484662576687116,21.0
4,100,white,0.9441717791411043,21.0
5,100,white,0.9476482617586912,21.0
6,100,white,0.9447852760736196,21.0
7,100,white,0.9458077709611452,21.0
8,100,white,0.9464212678936605,21.0
9,100,white,0.9451942740286299,21.0
10,100,white,0.9445807770961145,21.0
11,100,white,0.9458077709611452,21.0
12,100,white,0.9470347648261759,21.0
13,100,white,0.9447852760736196,21.0
14,100,white,0.9427402862985685,21.0
15,100,white,0.9466257668711656,21.0
16,100,white,0.9458077709611452,21.0
17,100,white,0.9445807770961145,21.0
18,100,white,0.945398773006135,21.0
19,100,white,0.945398773006135,21.0
20,100,white,0.9423312883435583,21.0
21,100,white,0.945398773006135,21.0
22,100,white,0.949079754601227,21.0
23,100,white,0.947239263803681,21.0
24,100,white,0.9458077709611452,21.0
0,100,white,0.9441717791411043,18.0
1,100,white,0.9427402862985685,18.0
2,100,white,0.9431492842535787,18.0
3,100,white,0.9431492842535787,18.0
4,100,white,0.9406952965235174,18.0
5,100,white,0.9415132924335379,18.0
6,100,white,0.938241308793456,18.0
7,100,white,0.9402862985685072,18.0
8,100,white,0.9415132924335379,18.0
9,100,white,0.9388548057259714,18.0
10,100,white,0.9386503067484663,18.0
11,100,white,0.9355828220858896,18.0
12,100,white,0.943762781186094,18.0
13,100,white,0.9427402862985685,18.0
14,100,white,0.941922290388548,18.0
15,100,white,0.9433537832310839,18.0
16,100,white,0.9425357873210634,18.0
17,100,white,0.9366053169734151,18.0
18,100,white,0.9406952965235174,18.0
19,100,white,0.9388548057259714,18.0
20,100,white,0.9396728016359919,18.0
21,100,white,0.9415132924335379,18.0
22,100,white,0.9433537832310839,18.0
23,100,white,0.943762781186094,18.0
24,100,white,0.9394683026584867,18.0
0,100,white,0.938036809815951,15.0
1,100,white,0.9411042944785276,15.0
2,100,white,0.9359918200408998,15.0
3,100,white,0.9374233128834356,15.0
4,100,white,0.9353783231083844,15.0
5,100,white,0.9353783231083844,15.0
6,100,white,0.9388548057259714,15.0
7,100,white,0.9351738241308793,15.0
8,100,white,0.938036809815951,15.0
9,100,white,0.93640081799591,15.0
10,100,white,0.9368098159509203,15.0
11,100,white,0.9337423312883436,15.0
12,100,white,0.938241308793456,15.0
13,100,white,0.9347648261758691,15.0
14,100,white,0.9372188139059304,15.0
15,100,white,0.9413087934560327,15.0
16,100,white,0.9368098159509203,15.0
17,100,white,0.9323108384458078,15.0
18,100,white,0.9359918200408998,15.0
19,100,white,0.9343558282208589,15.0
20,100,white,0.9368098159509203,15.0
21,100,white,0.9333333333333333,15.0
22,100,white,0.9406952965235174,15.0
23,100,white,0.9370143149284254,15.0
24,100,white,0.9347648261758691,15.0
0,100,white,0.9288343558282208,12.0
1,100,white,0.9319018404907975,12.0
2,100,white,0.929038854805726,12.0
3,100,white,0.9253578732106339,12.0
4,100,white,0.9312883435582822,12.0
5,100,white,0.9288343558282208,12.0
6,100,white,0.9263803680981595,12.0
7,100,white,0.9265848670756647,12.0
8,100,white,0.9239263803680982,12.0
9,100,white,0.9265848670756647,12.0
10,100,white,0.9276073619631902,12.0
11,100,white,0.9265848670756647,12.0
12,100,white,0.9282208588957055,12.0
13,100,white,0.9300613496932515,12.0
14,100,white,0.9300613496932515,12.0
15,100,white,0.9319018404907975,12.0
16,100,white,0.9286298568507158,12.0
17,100,white,0.9241308793456032,12.0
18,100,white,0.9296523517382413,12.0
19,100,white,0.9237218813905931,12.0
20,100,white,0.9265848670756647,12.0
21,100,white,0.929038854805726,12.0
22,100,white,0.9298568507157464,12.0
23,100,white,0.9286298568507158,12.0
24,100,white,0.9259713701431492,12.0
0,100,white,0.9196319018404908,9.0
1,100,white,0.9208588957055215,9.0
2,100,white,0.9202453987730062,9.0
3,100,white,0.9161554192229039,9.0
4,100,white,0.9190184049079755,9.0
5,100,white,0.9224948875255624,9.0
6,100,white,0.9157464212678936,9.0
7,100,white,0.9167689161554192,9.0
8,100,white,0.9141104294478528,9.0
9,100,white,0.9143149284253579,9.0
10,100,white,0.9153374233128835,9.0
11,100,white,0.912678936605317,9.0
12,100,white,0.9235173824130879,9.0
13,100,white,0.9177914110429448,9.0
14,100,white,0.9210633946830266,9.0
15,100,white,0.9188139059304703,9.0
16,100,white,0.9194274028629856,9.0
17,100,white,0.918200408997955,9.0
18,100,white,0.9200408997955011,9.0
19,100,white,0.9177914110429448,9.0
20,100,white,0.9141104294478528,9.0
21,100,white,0.9235173824130879,9.0
22,100,white,0.9198364008179959,9.0
23,100,white,0.9192229038854806,9.0
24,100,white,0.9192229038854806,9.0
0,100,white,0.9030674846625767,6.0
1,100,white,0.9079754601226994,6.0
2,100,white,0.90920245398773,6.0
3,100,white,0.9012269938650307,6.0
4,100,white,0.9038854805725971,6.0
5,100,white,0.9049079754601227,6.0
6,100,white,0.9022494887525563,6.0
7,100,white,0.9008179959100204,6.0
8,100,white,0.9028629856850716,6.0
9,100,white,0.903476482617587,6.0
10,100,white,0.8971370143149284,6.0
11,100,white,0.8987730061349694,6.0
12,100,white,0.903680981595092,6.0
13,100,white,0.9075664621676892,6.0
14,100,white,0.9047034764826176,6.0
15,100,white,0.9081799591002045,6.0
16,100,white,0.9075664621676892,6.0
17,100,white,0.8993865030674847,6.0
18,100,white,0.9081799591002045,6.0
19,100,white,0.9040899795501023,6.0
20,100,white,0.9049079754601227,6.0
21,100,white,0.9085889570552147,6.0
22,100,white,0.9102249488752556,6.0
23,100,white,0.9051124744376278,6.0
24,100,white,0.9028629856850716,6.0
0,100,white,0.8850715746421268,3.0
1,100,white,0.8910020449897751,3.0
2,100,white,0.8903885480572598,3.0
3,100,white,0.8856850715746422,3.0
4,100,white,0.8905930470347648,3.0
5,100,white,0.8881390593047035,3.0
6,100,white,0.8850715746421268,3.0
7,100,white,0.8834355828220859,3.0
8,100,white,0.8895705521472392,3.0
9,100,white,0.8822085889570552,3.0
10,100,white,0.8852760736196319,3.0
11,100,white,0.8838445807770962,3.0
12,100,white,0.8879345603271984,3.0
13,100,white,0.8897750511247444,3.0
14,100,white,0.8826175869120655,3.0
15,100,white,0.8928425357873211,3.0
16,100,white,0.8807770961145194,3.0
17,100,white,0.8822085889570552,3.0
18,100,white,0.8897750511247444,3.0
19,100,white,0.8860940695296523,3.0
20,100,white,0.8905930470347648,3.0
21,100,white,0.8885480572597138,3.0
22,100,white,0.8905930470347648,3.0
23,100,white,0.8846625766871166,3.0
24,100,white,0.8905930470347648,3.0
0,100,white,0.8576687116564418,0.0
1,100,white,0.86359918200409,0.0
2,100,white,0.8644171779141104,0.0
3,100,white,0.8642126789366054,0.0
4,100,white,0.8670756646216768,0.0
5,100,white,0.8605316973415132,0.0
6,100,white,0.8648261758691207,0.0
7,100,white,0.8617586912065439,0.0
8,100,white,0.8640081799591002,0.0
9,100,white,0.8638036809815951,0.0
10,100,white,0.8574642126789366,0.0
11,100,white,0.8605316973415132,0.0
12,100,white,0.8646216768916155,0.0
13,100,white,0.8687116564417178,0.0
14,100,white,0.865439672801636,0.0
15,100,white,0.8650306748466258,0.0
16,100,white,0.8609406952965235,0.0
17,100,white,0.8646216768916155,0.0
18,100,white,0.8664621676891615,0.0
19,100,white,0.8603271983640082,0.0
20,100,white,0.8668711656441718,0.0
21,100,white,0.8658486707566462,0.0
22,100,white,0.8670756646216768,0.0
23,100,white,0.8640081799591002,0.0
24,100,white,0.8584867075664622,0.0
0,100,white,0.8249488752556238,-3.0
1,100,white,0.8253578732106339,-3.0
2,100,white,0.8288343558282208,-3.0
3,100,white,0.8224948875255623,-3.0
4,100,white,0.8243353783231084,-3.0
5,100,white,0.8220858895705522,-3.0
6,100,white,0.8188139059304703,-3.0
7,100,white,0.8251533742331288,-3.0
8,100,white,0.8298568507157464,-3.0
9,100,white,0.8208588957055215,-3.0
10,100,white,0.8247443762781186,-3.0
11,100,white,0.8269938650306748,-3.0
12,100,white,0.8249488752556238,-3.0
13,100,white,0.8233128834355828,-3.0
14,100,white,0.8306748466257668,-3.0
15,100,white,0.8214723926380368,-3.0
16,100,white,0.8222903885480572,-3.0
17,100,white,0.8204498977505112,-3.0
18,100,white,0.8267893660531698,-3.0
19,100,white,0.8241308793456033,-3.0
20,100,white,0.8251533742331288,-3.0
21,100,white,0.8255623721881391,-3.0
22,100,white,0.8296523517382413,-3.0
23,100,white,0.8288343558282208,-3.0
24,100,white,0.8298568507157464,-3.0
0,100,pink,0.9468302658486708,24.0
1,100,pink,0.9492842535787321,24.0
2,100,pink,0.9470347648261759,24.0
3,100,pink,0.9449897750511247,24.0
4,100,pink,0.9468302658486708,24.0
5,100,pink,0.9519427402862985,24.0
6,100,pink,0.9458077709611452,24.0
7,100,pink,0.9480572597137015,24.0
8,100,pink,0.9478527607361963,24.0
9,100,pink,0.9486707566462168,24.0
10,100,pink,0.947239263803681,24.0
11,100,pink,0.9482617586912065,24.0
12,100,pink,0.9503067484662576,24.0
13,100,pink,0.9515337423312883,24.0
14,100,pink,0.9488752556237219,24.0
15,100,pink,0.9476482617586912,24.0
16,100,pink,0.949079754601227,24.0
17,100,pink,0.9447852760736196,24.0
18,100,pink,0.9478527607361963,24.0
19,100,pink,0.9476482617586912,24.0
20,100,pink,0.9456032719836401,24.0
21,100,pink,0.9476482617586912,24.0
22,100,pink,0.9494887525562372,24.0
23,100,pink,0.9468302658486708,24.0
24,100,pink,0.9492842535787321,24.0
0,100,pink,0.945398773006135,21.0
1,100,pink,0.945398773006135,21.0
2,100,pink,0.9464212678936605,21.0
3,100,pink,0.943762781186094,21.0
4,100,pink,0.9439672801635992,21.0
5,100,pink,0.9466257668711656,21.0
6,100,pink,0.9482617586912065,21.0
7,100,pink,0.9456032719836401,21.0
8,100,pink,0.9445807770961145,21.0
9,100,pink,0.9464212678936605,21.0
10,100,pink,0.9441717791411043,21.0
11,100,pink,0.939877300613497,21.0
12,100,pink,0.9464212678936605,21.0
13,100,pink,0.9460122699386503,21.0
14,100,pink,0.9451942740286299,21.0
15,100,pink,0.9433537832310839,21.0
16,100,pink,0.9439672801635992,21.0
17,100,pink,0.9433537832310839,21.0
18,100,pink,0.9451942740286299,21.0
19,100,pink,0.9427402862985685,21.0
20,100,pink,0.9447852760736196,21.0
21,100,pink,0.9427402862985685,21.0
22,100,pink,0.9456032719836401,21.0
23,100,pink,0.943762781186094,21.0
24,100,pink,0.943558282208589,21.0
0,100,pink,0.9386503067484663,18.0
1,100,pink,0.9415132924335379,18.0
2,100,pink,0.9425357873210634,18.0
3,100,pink,0.9386503067484663,18.0
4,100,pink,0.9408997955010225,18.0
5,100,pink,0.943762781186094,18.0
6,100,pink,0.9361963190184049,18.0
7,100,pink,0.9390593047034764,18.0
8,100,pink,0.941717791411043,18.0
9,100,pink,0.9384458077709611,18.0
10,100,pink,0.940081799591002,18.0
11,100,pink,0.9386503067484663,18.0
12,100,pink,0.9411042944785276,18.0
13,100,pink,0.9431492842535787,18.0
14,100,pink,0.9411042944785276,18.0
15,100,pink,0.9423312883435583,18.0
16,100,pink,0.941922290388548,18.0
17,100,pink,0.9370143149284254,18.0
18,100,pink,0.938241308793456,18.0
19,100,pink,0.9357873210633947,18.0
20,100,pink,0.9374233128834356,18.0
21,100,pink,0.9384458077709611,18.0
22,100,pink,0.9441717791411043,18.0
23,100,pink,0.939877300613497,18.0
24,100,pink,0.9411042944785276,18.0
0,100,pink,0.9339468302658487,15.0
1,100,pink,0.9329243353783231,15.0
2,100,pink,0.9361963190184049,15.0
3,100,pink,0.9304703476482618,15.0
4,100,pink,0.9361963190184049,15.0
5,100,pink,0.9347648261758691,15.0
6,100,pink,0.9319018404907975,15.0
7,100,pink,0.9294478527607362,15.0
8,100,pink,0.9333333333333333,15.0
9,100,pink,0.9339468302658487,15.0
10,100,pink,0.9265848670756647,15.0
11,100,pink,0.9357873210633947,15.0
12,100,pink,0.9374233128834356,15.0
13,100,pink,0.93640081799591,15.0
14,100,pink,0.934560327198364,15.0
15,100,pink,0.9411042944785276,15.0
16,100,pink,0.9310838445807771,15.0
17,100,pink,0.9292433537832311,15.0
18,100,pink,0.9325153374233128,15.0
19,100,pink,0.9321063394683027,15.0
20,100,pink,0.9310838445807771,15.0
21,100,pink,0.932719836400818,15.0
22,100,pink,0.9370143149284254,15.0
23,100,pink,0.9331288343558283,15.0
24,100,pink,0.9319018404907975,15.0
0,100,pink,0.9274028629856851,12.0
1,100,pink,0.9251533742331288,12.0
2,100,pink,0.9239263803680982,12.0
3,100,pink,0.9226993865030675,12.0
4,100,pink,0.9206543967280164,12.0
5,100,pink,0.929038854805726,12.0
6,100,pink,0.9231083844580777,12.0
7,100,pink,0.9267893660531697,12.0
8,100,pink,0.9251533742331288,12.0
9,100,pink,0.9200408997955011,12.0
10,100,pink,0.9218813905930471,12.0
11,100,pink,0.9186094069529652,12.0
12,100,pink,0.9224948875255624,12.0
13,100,pink,0.9278118609406953,12.0
14,100,pink,0.9267893660531697,12.0
15,100,pink,0.9269938650306748,12.0
16,100,pink,0.9214723926380368,12.0
17,100,pink,0.9226993865030675,12.0
18,100,pink,0.9243353783231084,12.0
19,100,pink,0.9192229038854806,12.0
20,100,pink,0.9235173824130879,12.0
21,100,pink,0.9276073619631902,12.0
22,100,pink,0.9274028629856851,12.0
23,100,pink,0.9274028629856851,12.0
24,100,pink,0.9202453987730062,12.0
0,100,pink,0.9102249488752556,9.0
1,100,pink,0.9122699386503067,9.0
2,100,pink,0.9114519427402863,9.0
3,100,pink,0.9106339468302659,9.0
4,100,pink,0.9094069529652352,9.0
5,100,pink,0.9100204498977505,9.0
6,100,pink,0.9118609406952966,9.0
7,100,pink,0.9083844580777096,9.0
8,100,pink,0.9116564417177914,9.0
9,100,pink,0.9094069529652352,9.0
10,100,pink,0.9075664621676892,9.0
11,100,pink,0.908997955010225,9.0
12,100,pink,0.9143149284253579,9.0
13,100,pink,0.9104294478527607,9.0
14,100,pink,0.9132924335378323,9.0
15,100,pink,0.9139059304703476,9.0
16,100,pink,0.910838445807771,9.0
17,100,pink,0.9065439672801636,9.0
18,100,pink,0.912678936605317,9.0
19,100,pink,0.9059304703476483,9.0
20,100,pink,0.9106339468302659,9.0
21,100,pink,0.9118609406952966,9.0
22,100,pink,0.9094069529652352,9.0
23,100,pink,0.90920245398773,9.0
24,100,pink,0.914519427402863,9.0
0,100,pink,0.8950920245398774,6.0
1,100,pink,0.8930470347648262,6.0
2,100,pink,0.8950920245398774,6.0
3,100,pink,0.8912065439672802,6.0
4,100,pink,0.8932515337423312,6.0
5,100,pink,0.8995910020449898,6.0
6,100,pink,0.8948875255623722,6.0
7,100,pink,0.8948875255623722,6.0
8,100,pink,0.8965235173824131,6.0
9,100,pink,0.8950920245398774,6.0
10,100,pink,0.8926380368098159,6.0
11,100,pink,0.8912065439672802,6.0
12,100,pink,0.8936605316973415,6.0
13,100,pink,0.8948875255623722,6.0
14,100,pink,0.8934560327198364,6.0
15,100,pink,0.8983640081799591,6.0
16,100,pink,0.8905930470347648,6.0
17,100,pink,0.8910020449897751,6.0
18,100,pink,0.8930470347648262,6.0
19,100,pink,0.8907975460122699,6.0
20,100,pink,0.8952965235173824,6.0
21,100,pink,0.8965235173824131,6.0
22,100,pink,0.8997955010224948,6.0
23,100,pink,0.8926380368098159,6.0
24,100,pink,0.8940695296523518,6.0
0,100,pink,0.8674846625766871,3.0
1,100,pink,0.8734151329243354,3.0
2,100,pink,0.8693251533742331,3.0
3,100,pink,0.868916155419223,3.0
4,100,pink,0.8695296523517383,3.0
5,100,pink,0.8713701431492843,3.0
6,100,pink,0.8680981595092024,3.0
7,100,pink,0.8699386503067484,3.0
8,100,pink,0.8701431492842536,3.0
9,100,pink,0.8693251533742331,3.0
10,100,pink,0.8680981595092024,3.0
11,100,pink,0.867280163599182,3.0
12,100,pink,0.8711656441717791,3.0
13,100,pink,0.8756646216768916,3.0
14,100,pink,0.8656441717791411,3.0
15,100,pink,0.8703476482617587,3.0
16,100,pink,0.8666666666666667,3.0
17,100,pink,0.8680981595092024,3.0
18,100,pink,0.8685071574642127,3.0
19,100,pink,0.868916155419223,3.0
20,100,pink,0.8683026584867075,3.0
21,100,pink,0.8670756646216768,3.0
22,100,pink,0.8756646216768916,3.0
23,100,pink,0.8697341513292434,3.0
24,100,pink,0.8717791411042944,3.0
0,100,pink,0.8329243353783231,0.0
1,100,pink,0.8349693251533742,0.0
2,100,pink,0.832719836400818,0.0
3,100,pink,0.8280163599182004,0.0
4,100,pink,0.834560327198364,0.0
5,100,pink,0.8306748466257668,0.0
6,100,pink,0.8359918200408998,0.0
7,100,pink,0.8325153374233129,0.0
8,100,pink,0.834560327198364,0.0
9,100,pink,0.8323108384458078,0.0
10,100,pink,0.8284253578732106,0.0
11,100,pink,0.838036809815951,0.0
12,100,pink,0.8374233128834356,0.0
13,100,pink,0.8376278118609407,0.0
14,100,pink,0.8278118609406953,0.0
15,100,pink,0.8349693251533742,0.0
16,100,pink,0.8404907975460123,0.0
17,100,pink,0.8353783231083844,0.0
18,100,pink,0.8306748466257668,0.0
19,100,pink,0.8319018404907975,0.0
20,100,pink,0.8341513292433538,0.0
21,100,pink,0.8304703476482618,0.0
22,100,pink,0.8392638036809816,0.0
23,100,pink,0.8276073619631902,0.0
24,100,pink,0.8372188139059304,0.0
0,100,pink,0.7738241308793457,-3.0
1,100,pink,0.7783231083844581,-3.0
2,100,pink,0.7730061349693251,-3.0
3,100,pink,0.7687116564417178,-3.0
4,100,pink,0.7795501022494887,-3.0
5,100,pink,0.7658486707566462,-3.0
6,100,pink,0.7748466257668711,-3.0
7,100,pink,0.7752556237218814,-3.0
8,100,pink,0.7797546012269939,-3.0
9,100,pink,0.767280163599182,-3.0
10,100,pink,0.7768916155419223,-3.0
11,100,pink,0.7779141104294478,-3.0
12,100,pink,0.7791411042944786,-3.0
13,100,pink,0.7899795501022495,-3.0
14,100,pink,0.7779141104294478,-3.0
15,100,pink,0.7813905930470347,-3.0
16,100,pink,0.7719836400817995,-3.0
17,100,pink,0.7766871165644171,-3.0
18,100,pink,0.7840490797546013,-3.0
19,100,pink,0.778118609406953,-3.0
20,100,pink,0.7758691206543967,-3.0
21,100,pink,0.7756646216768917,-3.0
22,100,pink,0.7862985685071575,-3.0
23,100,pink,0.767280163599182,-3.0
24,100,pink,0.7787321063394683,-3.0
0,100,babble,0.9554192229038855,24.0
1,100,babble,0.9550102249488752,24.0
2,100,babble,0.9568507157464212,24.0
3,100,babble,0.9537832310838446,24.0
4,100,babble,0.9525562372188139,24.0
5,100,babble,0.9543967280163599,24.0
6,100,babble,0.9523517382413088,24.0
7,100,babble,0.9529652351738241,24.0
8,100,babble,0.9521472392638037,24.0
9,100,babble,0.9541922290388548,24.0
10,100,babble,0.9546012269938651,24.0
11,100,babble,0.9533742331288344,24.0
12,100,babble,0.9568507157464212,24.0
13,100,babble,0.9548057259713701,24.0
14,100,babble,0.9515337423312883,24.0
15,100,babble,0.9525562372188139,24.0
16,100,babble,0.9556237218813906,24.0
17,100,babble,0.9546012269938651,24.0
18,100,babble,0.9560327198364008,24.0
19,100,babble,0.9556237218813906,24.0
20,100,babble,0.9537832310838446,24.0
21,100,babble,0.9543967280163599,24.0
22,100,babble,0.9576687116564417,24.0
23,100,babble,0.9517382413087935,24.0
24,100,babble,0.9521472392638037,24.0
0,100,babble,0.9543967280163599,21.0
1,100,babble,0.9543967280163599,21.0
2,100,babble,0.9541922290388548,21.0
3,100,babble,0.9492842535787321,21.0
4,100,babble,0.9507157464212679,21.0
5,100,babble,0.9558282208588957,21.0
6,100,babble,0.9498977505112475,21.0
7,100,babble,0.9525562372188139,21.0
8,100,babble,0.9523517382413088,21.0
9,100,babble,0.949079754601227,21.0
10,100,babble,0.9533742331288344,21.0
11,100,babble,0.9517382413087935,21.0
12,100,babble,0.9560327198364008,21.0
13,100,babble,0.9523517382413088,21.0
14,100,babble,0.950920245398773,21.0
15,100,babble,0.9517382413087935,21.0
16,100,babble,0.9550102249488752,21.0
17,100,babble,0.9519427402862985,21.0
18,100,babble,0.9552147239263804,21.0
19,100,babble,0.9527607361963191,21.0
20,100,babble,0.9498977505112475,21.0
21,100,babble,0.9517382413087935,21.0
22,100,babble,0.9572597137014315,21.0
23,100,babble,0.9525562372188139,21.0
24,100,babble,0.9519427402862985,21.0
0,100,babble,0.9519427402862985,18.0
1,100,babble,0.9517382413087935,18.0
2,100,babble,0.9501022494887525,18.0
3,100,babble,0.9474437627811861,18.0
4,100,babble,0.9488752556237219,18.0
5,100,babble,0.950920245398773,18.0
6,100,babble,0.9443762781186094,18.0
7,100,babble,0.9498977505112475,18.0
8,100,babble,0.9505112474437628,18.0
9,100,babble,0.9484662576687116,18.0
10,100,babble,0.9494887525562372,18.0
11,100,babble,0.9494887525562372,18.0
12,100,babble,0.9527607361963191,18.0
13,100,babble,0.9513292433537832,18.0
14,100,babble,0.9503067484662576,18.0
15,100,babble,0.9494887525562372,18.0
16,100,babble,0.9531697341513292,18.0
17,100,babble,0.9484662576687116,18.0
18,100,babble,0.9486707566462168,18.0
19,100,babble,0.9523517382413088,18.0
20,100,babble,0.9480572597137015,18.0
21,100,babble,0.9480572597137015,18.0
22,100,babble,0.9533742331288344,18.0
23,100,babble,0.9488752556237219,18.0
24,100,babble,0.9480572597137015,18.0
0,100,babble,0.9486707566462168,15.0
1,100,babble,0.9464212678936605,15.0
2,100,babble,0.9484662576687116,15.0
3,100,babble,0.9433537832310839,15.0
4,100,babble,0.9474437627811861,15.0
5,100,babble,0.9494887525562372,15.0
6,100,babble,0.9396728016359919,15.0
7,100,babble,0.9458077709611452,15.0
8,100,babble,0.9480572597137015,15.0
9,100,babble,0.9478527607361963,15.0
10,100,babble,0.9447852760736196,15.0
11,100,babble,0.9492842535787321,15.0
12,100,babble,0.9501022494887525,15.0
13,100,babble,0.9488752556237219,15.0
14,100,babble,0.9460122699386503,15.0
15,100,babble,0.949079754601227,15.0
16,100,babble,0.949079754601227,15.0
17,100,babble,0.9433537832310839,15.0
18,100,babble,0.9462167689161555,15.0
19,100,babble,0.9462167689161555,15.0
20,100,babble,0.9441717791411043,15.0
21,100,babble,0.9433537832310839,15.0
22,100,babble,0.9482617586912065,15.0
23,100,babble,0.9464212678936605,15.0
24,100,babble,0.9460122699386503,15.0
0,100,babble,0.9433537832310839,12.0
1,100,babble,0.941717791411043,12.0
2,100,babble,0.9411042944785276,12.0
3,100,babble,0.9368098159509203,12.0
4,100,babble,0.9427402862985685,12.0
5,100,babble,0.9408997955010225,12.0
6,100,babble,0.9347648261758691,12.0
7,100,babble,0.9396728016359919,12.0
8,100,babble,0.9421267893660532,12.0
9,100,babble,0.9404907975460123,12.0
10,100,babble,0.9392638036809816,12.0
11,100,babble,0.9415132924335379,12.0
12,100,babble,0.9425357873210634,12.0
13,100,babble,0.9421267893660532,12.0
14,100,babble,0.9378323108384458,12.0
15,100,babble,0.9431492842535787,12.0
16,100,babble,0.9425357873210634,12.0
17,100,babble,0.9372188139059304,12.0
18,100,babble,0.9396728016359919,12.0
19,100,babble,0.9390593047034764,12.0
20,100,babble,0.9372188139059304,12.0
21,100,babble,0.9396728016359919,12.0
22,100,babble,0.940081799591002,12.0
23,100,babble,0.943558282208589,12.0
24,100,babble,0.9413087934560327,12.0
0,100,babble,0.9355828220858896,9.0
1,100,babble,0.9355828220858896,9.0
2,100,babble,0.9316973415132924,9.0
3,100,babble,0.9267893660531697,9.0
4,100,babble,0.9300613496932515,9.0
5,100,babble,0.9319018404907975,9.0
6,100,babble,0.9257668711656442,9.0
7,100,babble,0.932719836400818,9.0
8,100,babble,0.9300613496932515,9.0
9,100,babble,0.9314928425357873,9.0
10,100,babble,0.9274028629856851,9.0
11,100,babble,0.930879345603272,9.0
12,100,babble,0.9351738241308793,9.0
13,100,babble,0.9314928425357873,9.0
14,100,babble,0.9314928425357873,9.0
15,100,babble,0.9353783231083844,9.0
16,100,babble,0.9321063394683027,9.0
17,100,babble,0.9247443762781186,9.0
18,100,babble,0.9296523517382413,9.0
19,100,babble,0.9280163599182004,9.0
20,100,babble,0.9292433537832311,9.0
21,100,babble,0.9302658486707567,9.0
22,100,babble,0.9325153374233128,9.0
23,100,babble,0.9325153374233128,9.0
24,100,babble,0.9296523517382413,9.0
0,100,babble,0.9188139059304703,6.0
1,100,babble,0.9261758691206544,6.0
2,100,babble,0.9157464212678936,6.0
3,100,babble,0.9155419222903886,6.0
4,100,babble,0.916359918200409,6.0
5,100,babble,0.916359918200409,6.0
6,100,babble,0.9157464212678936,6.0
7,100,babble,0.9194274028629856,6.0
8,100,babble,0.9137014314928426,6.0
9,100,babble,0.9229038854805726,6.0
10,100,babble,0.9147239263803681,6.0
11,100,babble,0.9157464212678936,6.0
12,100,babble,0.9255623721881391,6.0
13,100,babble,0.9192229038854806,6.0
14,100,babble,0.9171779141104295,6.0
15,100,babble,0.9231083844580777,6.0
16,100,babble,0.9179959100204499,6.0
17,100,babble,0.9137014314928426,6.0
18,100,babble,0.9206543967280164,6.0
19,100,babble,0.9159509202453988,6.0
20,100,babble,0.9149284253578732,6.0
21,100,babble,0.9179959100204499,6.0
22,100,babble,0.9204498977505112,6.0
23,100,babble,0.9167689161554192,6.0
24,100,babble,0.9157464212678936,6.0
0,100,babble,0.8967280163599182,3.0
1,100,babble,0.9106339468302659,3.0
2,100,babble,0.8997955010224948,3.0
3,100,babble,0.8965235173824131,3.0
4,100,babble,0.8920245398773006,3.0
5,100,babble,0.8930470347648262,3.0
6,100,babble,0.8969325153374234,3.0
7,100,babble,0.9002044989775051,3.0
8,100,babble,0.8920245398773006,3.0
9,100,babble,0.9026584867075664,3.0
10,100,babble,0.8957055214723927,3.0
11,100,babble,0.8991820040899795,3.0
12,100,babble,0.905316973415133,3.0
13,100,babble,0.8971370143149284,3.0
14,100,babble,0.8961145194274028,3.0
15,100,babble,0.9,3.0
16,100,babble,0.898159509202454,3.0
17,100,babble,0.8893660531697342,3.0
18,100,babble,0.8995910020449898,3.0
19,100,babble,0.8952965235173824,3.0
20,100,babble,0.8959100204498978,3.0
21,100,babble,0.8940695296523518,3.0
22,100,babble,0.8989775051124744,3.0
23,100,babble,0.8969325153374234,3.0
24,100,babble,0.8973415132924335,3.0
0,100,babble,0.8568507157464212,0.0
1,100,babble,0.8685071574642127,0.0
2,100,babble,0.8586912065439672,0.0
3,100,babble,0.8562372188139059,0.0
4,100,babble,0.8541922290388548,0.0
5,100,babble,0.8570552147239264,0.0
6,100,babble,0.8609406952965235,0.0
7,100,babble,0.8572597137014315,0.0
8,100,babble,0.8582822085889571,0.0
9,100,babble,0.8660531697341514,0.0
10,100,babble,0.8646216768916155,0.0
11,100,babble,0.8609406952965235,0.0
12,100,babble,0.8715746421267894,0.0
13,100,babble,0.8586912065439672,0.0
14,100,babble,0.8560327198364008,0.0
15,100,babble,0.86359918200409,0.0
16,100,babble,0.86359918200409,0.0
17,100,babble,0.8535787321063395,0.0
18,100,babble,0.8558282208588958,0.0
19,100,babble,0.8576687116564418,0.0
20,100,babble,0.8613496932515338,0.0
21,100,babble,0.8515337423312883,0.0
22,100,babble,0.869120654396728,0.0
23,100,babble,0.8556237218813906,0.0
24,100,babble,0.8619631901840491,0.0
0,100,babble,0.7946830265848671,-3.0
1,100,babble,0.8032719836400818,-3.0
2,100,babble,0.787321063394683,-3.0
3,100,babble,0.7793456032719837,-3.0
4,100,babble,0.7961145194274029,-3.0
5,100,babble,0.7928425357873211,-3.0
6,100,babble,0.7973415132924335,-3.0
7,100,babble,0.7899795501022495,-3.0
8,100,babble,0.7860940695296523,-3.0
9,100,babble,0.8008179959100205,-3.0
10,100,babble,0.7993865030674847,-3.0
11,100,babble,0.8028629856850715,-3.0
12,100,babble,0.7995910020449898,-3.0
13,100,babble,0.798159509202454,-3.0
14,100,babble,0.789161554192229,-3.0
15,100,babble,0.7932515337423313,-3.0
16,100,babble,0.7987730061349694,-3.0
17,100,babble,0.7920245398773006,-3.0
18,100,babble,0.7871165644171779,-3.0
19,100,babble,0.7934560327198364,-3.0
20,100,babble,0.7985685071574642,-3.0
21,100,babble,0.7856850715746422,-3.0
22,100,babble,0.8079754601226994,-3.0
23,100,babble,0.7940695296523518,-3.0
24,100,babble,0.7952965235173824,-3.0
0,100,kitchen,0.9533742331288344,24.0
1,100,kitchen,0.9554192229038855,24.0
2,100,kitchen,0.9552147239263804,24.0
3,100,kitchen,0.9566462167689161,24.0
4,100,kitchen,0.9535787321063395,24.0
5,100,kitchen,0.9560327198364008,24.0
6,100,kitchen,0.9513292433537832,24.0
7,100,kitchen,0.9529652351738241,24.0
8,100,kitchen,0.9507157464212679,24.0
9,100,kitchen,0.9537832310838446,24.0
10,100,kitchen,0.9539877300613497,24.0
11,100,kitchen,0.9523517382413088,24.0
12,100,kitchen,0.9550102249488752,24.0
13,100,kitchen,0.9541922290388548,24.0
14,100,kitchen,0.9525562372188139,24.0
15,100,kitchen,0.9519427402862985,24.0
16,100,kitchen,0.9558282208588957,24.0
17,100,kitchen,0.9507157464212679,24.0
18,100,kitchen,0.9537832310838446,24.0
19,100,kitchen,0.9507157464212679,24.0
20,100,kitchen,0.9515337423312883,24.0
21,100,kitchen,0.9507157464212679,24.0
22,100,kitchen,0.9564417177914111,24.0
23,100,kitchen,0.9488752556237219,24.0
24,100,kitchen,0.9525562372188139,24.0
0,100,kitchen,0.9537832310838446,21.0
1,100,kitchen,0.9550102249488752,21.0
2,100,kitchen,0.9548057259713701,21.0
3,100,kitchen,0.9537832310838446,21.0
4,100,kitchen,0.9531697341513292,21.0
5,100,kitchen,0.9552147239263804,21.0
6,100,kitchen,0.9501022494887525,21.0
7,100,kitchen,0.9533742331288344,21.0
8,100,kitchen,0.9496932515337423,21.0
9,100,kitchen,0.9527607361963191,21.0
10,100,kitchen,0.9527607361963191,21.0
11,100,kitchen,0.9515337423312883,21.0
12,100,kitchen,0.9521472392638037,21.0
13,100,kitchen,0.9531697341513292,21.0
14,100,kitchen,0.9527607361963191,21.0
15,100,kitchen,0.9519427402862985,21.0
16,100,kitchen,0.9546012269938651,21.0
17,100,kitchen,0.9488752556237219,21.0
18,100,kitchen,0.9521472392638037,21.0
19,100,kitchen,0.9501022494887525,21.0
20,100,kitchen,0.9513292433537832,21.0
21,100,kitchen,0.9484662576687116,21.0
22,100,kitchen,0.9546012269938651,21.0
23,100,kitchen,0.949079754601227,21.0
24,100,kitchen,0.9519427402862985,21.0
0,100,kitchen,0.9521472392638037,18.0
1,100,kitchen,0.9533742331288344,18.0
2,100,kitchen,0.9507157464212679,18.0
3,100,kitchen,0.9519427402862985,18.0
4,100,kitchen,0.9501022494887525,18.0
5,100,kitchen,0.9525562372188139,18.0
6,100,kitchen,0.9494887525562372,18.0
7,100,kitchen,0.9507157464212679,18.0
8,100,kitchen,0.9476482617586912,18.0
9,100,kitchen,0.9486707566462168,18.0
10,100,kitchen,0.9492842535787321,18.0
11,100,kitchen,0.9476482617586912,18.0
12,100,kitchen,0.9480572597137015,18.0
13,100,kitchen,0.9515337423312883,18.0
14,100,kitchen,0.9498977505112475,18.0
15,100,kitchen,0.9498977505112475,18.0
16,100,kitchen,0.9533742331288344,18.0
17,100,kitchen,0.9480572597137015,18.0
18,100,kitchen,0.9507157464212679,18.0
19,100,kitchen,0.9482617586912065,18.0
20,100,kitchen,0.9492842535787321,18.0
21,100,kitchen,0.9478527607361963,18.0
22,100,kitchen,0.9517382413087935,18.0
23,100,kitchen,0.9507157464212679,18.0
24,100,kitchen,0.9501022494887525,18.0
0,100,kitchen,0.9494887525562372,15.0
1,100,kitchen,0.9498977505112475,15.0
2,100,kitchen,0.9482617586912065,15.0
3,100,kitchen,0.9505112474437628,15.0
4,100,kitchen,0.9460122699386503,15.0
5,100,kitchen,0.9523517382413088,15.0
6,100,kitchen,0.9464212678936605,15.0
7,100,kitchen,0.9484662576687116,15.0
8,100,kitchen,0.9458077709611452,15.0
9,100,kitchen,0.9456032719836401,15.0
10,100,kitchen,0.9464212678936605,15.0
11,100,kitchen,0.9464212678936605,15.0
12,100,kitchen,0.9478527607361963,15.0
13,100,kitchen,0.9494887525562372,15.0
14,100,kitchen,0.9488752556237219,15.0
15,100,kitchen,0.9494887525562372,15.0
16,100,kitchen,0.9519427402862985,15.0
17,100,kitchen,0.9456032719836401,15.0
18,100,kitchen,0.9498977505112475,15.0
19,100,kitchen,0.9456032719836401,15.0
20,100,kitchen,0.9476482617586912,15.0
21,100,kitchen,0.947239263803681,15.0
22,100,kitchen,0.949079754601227,15.0
23,100,kitchen,0.9468302658486708,15.0
24,100,kitchen,0.9474437627811861,15.0
0,100,kitchen,0.9464212678936605,12.0
1,100,kitchen,0.9478527607361963,12.0
2,100,kitchen,0.9468302658486708,12.0
3,100,kitchen,0.9456032719836401,12.0
4,100,kitchen,0.943558282208589,12.0
5,100,kitchen,0.9474437627811861,12.0
6,100,kitchen,0.941922290388548,12.0
7,100,kitchen,0.9451942740286299,12.0
8,100,kitchen,0.9443762781186094,12.0
9,100,kitchen,0.9431492842535787,12.0
10,100,kitchen,0.9433537832310839,12.0
11,100,kitchen,0.9425357873210634,12.0
12,100,kitchen,0.9449897750511247,12.0
13,100,kitchen,0.9468302658486708,12.0
14,100,kitchen,0.9474437627811861,12.0
15,100,kitchen,0.9486707566462168,12.0
16,100,kitchen,0.9470347648261759,12.0
17,100,kitchen,0.9431492842535787,12.0
18,100,kitchen,0.9476482617586912,12.0
19,100,kitchen,0.9411042944785276,12.0
20,100,kitchen,0.9460122699386503,12.0
21,100,kitchen,0.9427402862985685,12.0
22,100,kitchen,0.9445807770961145,12.0
23,100,kitchen,0.943762781186094,12.0
24,100,kitchen,0.9429447852760736,12.0
0,100,kitchen,0.941922290388548,9.0
1,100,kitchen,0.9441717791411043,9.0
2,100,kitchen,0.943558282208589,9.0
3,100,kitchen,0.9431492842535787,9.0
4,100,kitchen,0.9404907975460123,9.0
5,100,kitchen,0.943762781186094,9.0
6,100,kitchen,0.9396728016359919,9.0
7,100,kitchen,0.9396728016359919,9.0
8,100,kitchen,0.9413087934560327,9.0
9,100,kitchen,0.938036809815951,9.0
10,100,kitchen,0.9390593047034764,9.0
11,100,kitchen,0.9388548057259714,9.0
12,100,kitchen,0.9441717791411043,9.0
13,100,kitchen,0.941922290388548,9.0
14,100,kitchen,0.9425357873210634,9.0
15,100,kitchen,0.9439672801635992,9.0
16,100,kitchen,0.9439672801635992,9.0
17,100,kitchen,0.940081799591002,9.0
18,100,kitchen,0.9433537832310839,9.0
19,100,kitchen,0.9384458077709611,9.0
20,100,kitchen,0.9413087934560327,9.0
21,100,kitchen,0.9406952965235174,9.0
22,100,kitchen,0.9404907975460123,9.0
23,100,kitchen,0.9404907975460123,9.0
24,100,kitchen,0.9404907975460123,9.0
0,100,kitchen,0.9366053169734151,6.0
1,100,kitchen,0.9388548057259714,6.0
2,100,kitchen,0.938241308793456,6.0
3,100,kitchen,0.9386503067484663,6.0
4,100,kitchen,0.9357873210633947,6.0
5,100,kitchen,0.9384458077709611,6.0
6,100,kitchen,0.934560327198364,6.0
7,100,kitchen,0.9355828220858896,6.0
8,100,kitchen,0.9357873210633947,6.0
9,100,kitchen,0.9341513292433538,6.0
10,100,kitchen,0.9337423312883436,6.0
11,100,kitchen,0.9353783231083844,6.0
12,100,kitchen,0.938241308793456,6.0
13,100,kitchen,0.9386503067484663,6.0
14,100,kitchen,0.93640081799591,6.0
15,100,kitchen,0.9388548057259714,6.0
16,100,kitchen,0.9421267893660532,6.0
17,100,kitchen,0.932719836400818,6.0
18,100,kitchen,0.9376278118609407,6.0
19,100,kitchen,0.9337423312883436,6.0
20,100,kitchen,0.9384458077709611,6.0
21,100,kitchen,0.9357873210633947,6.0
22,100,kitchen,0.9368098159509203,6.0
23,100,kitchen,0.9357873210633947,6.0
24,100,kitchen,0.9366053169734151,6.0
0,100,kitchen,0.9302658486707567,3.0
1,100,kitchen,0.9337423312883436,3.0
2,100,kitchen,0.9331288343558283,3.0
3,100,kitchen,0.9341513292433538,3.0
4,100,kitchen,0.9300613496932515,3.0
5,100,kitchen,0.9325153374233128,3.0
6,100,kitchen,0.9288343558282208,3.0
7,100,kitchen,0.9278118609406953,3.0
8,100,kitchen,0.9304703476482618,3.0
9,100,kitchen,0.9267893660531697,3.0
10,100,kitchen,0.92719836400818,3.0
11,100,kitchen,0.9294478527607362,3.0
12,100,kitchen,0.9304703476482618,3.0
13,100,kitchen,0.9349693251533743,3.0
14,100,kitchen,0.9276073619631902,3.0
15,100,kitchen,0.9335378323108384,3.0
16,100,kitchen,0.9366053169734151,3.0
17,100,kitchen,0.9247443762781186,3.0
18,100,kitchen,0.9298568507157464,3.0
19,100,kitchen,0.930879345603272,3.0
20,100,kitchen,0.9339468302658487,3.0
21,100,kitchen,0.930879345603272,3.0
22,100,kitchen,0.9306748466257668,3.0
23,100,kitchen,0.9314928425357873,3.0
24,100,kitchen,0.9312883435582822,3.0
0,100,kitchen,0.9235173824130879,0.0
1,100,kitchen,0.929038854805726,0.0
2,100,kitchen,0.9253578732106339,0.0
3,100,kitchen,0.9247443762781186,0.0
4,100,kitchen,0.9249488752556237,0.0
5,100,kitchen,0.9247443762781186,0.0
6,100,kitchen,0.9222903885480572,0.0
7,100,kitchen,0.9229038854805726,0.0
8,100,kitchen,0.9251533742331288,0.0
9,100,kitchen,0.9235173824130879,0.0
10,100,kitchen,0.9224948875255624,0.0
11,100,kitchen,0.9177914110429448,0.0
12,100,kitchen,0.918200408997955,0.0
13,100,kitchen,0.9306748466257668,0.0
14,100,kitchen,0.9200408997955011,0.0
15,100,kitchen,0.9282208588957055,0.0
16,100,kitchen,0.9263803680981595,0.0
17,100,kitchen,0.9171779141104295,0.0
18,100,kitchen,0.9222903885480572,0.0
19,100,kitchen,0.9263803680981595,0.0
20,100,kitchen,0.9235173824130879,0.0
21,100,kitchen,0.9263803680981595,0.0
22,100,kitchen,0.9241308793456032,0.0
23,100,kitchen,0.9233128834355828,0.0
24,100,kitchen,0.9253578732106339,0.0
0,100,kitchen,0.9132924335378323,-3.0
1,100,kitchen,0.9175869120654396,-3.0
2,100,kitchen,0.9161554192229039,-3.0
3,100,kitchen,0.9141104294478528,-3.0
4,100,kitchen,0.916359918200409,-3.0
5,100,kitchen,0.9171779141104295,-3.0
6,100,kitchen,0.9100204498977505,-3.0
7,100,kitchen,0.911042944785276,-3.0
8,100,kitchen,0.914519427402863,-3.0
9,100,kitchen,0.9120654396728016,-3.0
10,100,kitchen,0.9118609406952966,-3.0
11,100,kitchen,0.9094069529652352,-3.0
12,100,kitchen,0.9083844580777096,-3.0
13,100,kitchen,0.9159509202453988,-3.0
14,100,kitchen,0.9112474437627812,-3.0
15,100,kitchen,0.9173824130879346,-3.0
16,100,kitchen,0.9155419222903886,-3.0
17,100,kitchen,0.907361963190184,-3.0
18,100,kitchen,0.914519427402863,-3.0
19,100,kitchen,0.9134969325153375,-3.0
20,100,kitchen,0.9112474437627812,-3.0
21,100,kitchen,0.9132924335378323,-3.0
22,100,kitchen,0.9157464212678936,-3.0
23,100,kitchen,0.9094069529652352,-3.0
24,100,kitchen,0.9134969325153375,-3.0
0,100,office,0.9572597137014315,24.0
1,100,office,0.9609406952965235,24.0
2,100,office,0.9568507157464212,24.0
3,100,office,0.9570552147239264,24.0
4,100,office,0.9562372188139059,24.0
5,100,office,0.9578732106339468,24.0
6,100,office,0.950920245398773,24.0
7,100,office,0.9568507157464212,24.0
8,100,office,0.9552147239263804,24.0
9,100,office,0.9548057259713701,24.0
10,100,office,0.9572597137014315,24.0
11,100,office,0.9554192229038855,24.0
12,100,office,0.9580777096114519,24.0
13,100,office,0.9580777096114519,24.0
14,100,office,0.9578732106339468,24.0
15,100,office,0.9558282208588957,24.0
16,100,office,0.9593047034764827,24.0
17,100,office,0.9554192229038855,24.0
18,100,office,0.9580777096114519,24.0
19,100,office,0.9558282208588957,24.0
20,100,office,0.9546012269938651,24.0
21,100,office,0.9539877300613497,24.0
22,100,office,0.9601226993865031,24.0
23,100,office,0.9543967280163599,24.0
24,100,office,0.9568507157464212,24.0
0,100,office,0.9560327198364008,21.0
1,100,office,0.9601226993865031,21.0
2,100,office,0.9566462167689161,21.0
3,100,office,0.9570552147239264,21.0
4,100,office,0.9556237218813906,21.0
5,100,office,0.9566462167689161,21.0
6,100,office,0.9498977505112475,21.0
7,100,office,0.9558282208588957,21.0
8,100,office,0.9564417177914111,21.0
9,100,office,0.9556237218813906,21.0
10,100,office,0.9566462167689161,21.0
11,100,office,0.9546012269938651,21.0
12,100,office,0.9572597137014315,21.0
13,100,office,0.9572597137014315,21.0
14,100,office,0.9574642126789366,21.0
15,100,office,0.9564417177914111,21.0
16,100,office,0.9591002044989775,21.0
17,100,office,0.9546012269938651,21.0
18,100,office,0.9576687116564417,21.0
19,100,office,0.9556237218813906,21.0
20,100,office,0.9546012269938651,21.0
21,100,office,0.9546012269938651,21.0
22,100,office,0.9591002044989775,21.0
23,100,office,0.9554192229038855,21.0
24,100,office,0.9572597137014315,21.0
0,100,office,0.9552147239263804,18.0
1,100,office,0.9593047034764827,18.0
2,100,office,0.9554192229038855,18.0
3,100,office,0.9564417177914111,18.0
4,100,office,0.9541922290388548,18.0
5,100,office,0.9562372188139059,18.0
6,100,office,0.9511247443762781,18.0
7,100,office,0.9552147239263804,18.0
8,100,office,0.9560327198364008,18.0
9,100,office,0.9541922290388548,18.0
10,100,office,0.9562372188139059,18.0
11,100,office,0.9513292433537832,18.0
12,100,office,0.9578732106339468,18.0
13,100,office,0.9576687116564417,18.0
14,100,office,0.9554192229038855,18.0
15,100,office,0.9568507157464212,18.0
16,100,office,0.9586912065439673,18.0
17,100,office,0.9535787321063395,18.0
18,100,office,0.9570552147239264,18.0
19,100,office,0.9550102249488752,18.0
20,100,office,0.9535787321063395,18.0
21,100,office,0.9531697341513292,18.0
22,100,office,0.9584867075664621,18.0
23,100,office,0.9564417177914111,18.0
24,100,office,0.9560327198364008,18.0
0,100,office,0.9541922290388548,15.0
1,100,office,0.9588957055214724,15.0
2,100,office,0.9539877300613497,15.0
3,100,office,0.9556237218813906,15.0
4,100,office,0.9533742331288344,15.0
5,100,office,0.9552147239263804,15.0
6,100,office,0.9517382413087935,15.0
7,100,office,0.9535787321063395,15.0
8,100,office,0.9554192229038855,15.0
9,100,office,0.9533742331288344,15.0
10,100,office,0.9548057259713701,15.0
11,100,office,0.9498977505112475,15.0
12,100,office,0.9562372188139059,15.0
13,100,office,0.9580777096114519,15.0
14,100,office,0.9533742331288344,15.0
15,100,office,0.9539877300613497,15.0
16,100,office,0.9558282208588957,15.0
17,100,office,0.9511247443762781,15.0
18,100,office,0.9580777096114519,15.0
19,100,office,0.9529652351738241,15.0
20,100,office,0.9533742331288344,15.0
21,100,office,0.9519427402862985,15.0
22,100,office,0.9601226993865031,15.0
23,100,office,0.9546012269938651,15.0
24,100,office,0.9556237218813906,15.0
0,100,office,0.9537832310838446,12.0
1,100,office,0.9562372188139059,12.0
2,100,office,0.9523517382413088,12.0
3,100,office,0.9523517382413088,12.0
4,100,office,0.9503067484662576,12.0
5,100,office,0.9523517382413088,12.0
6,100,office,0.950920245398773,12.0
7,100,office,0.9531697341513292,12.0
8,100,office,0.9519427402862985,12.0
9,100,office,0.9546012269938651,12.0
10,100,office,0.9521472392638037,12.0
11,100,office,0.9478527607361963,12.0
12,100,office,0.9548057259713701,12.0
13,100,office,0.9552147239263804,12.0
14,100,office,0.9513292433537832,12.0
15,100,office,0.9529652351738241,12.0
16,100,office,0.9558282208588957,12.0
17,100,office,0.9513292433537832,12.0
18,100,office,0.9576687116564417,12.0
19,100,office,0.9523517382413088,12.0
20,100,office,0.9539877300613497,12.0
21,100,office,0.950920245398773,12.0
22,100,office,0.9586912065439673,12.0
23,100,office,0.9525562372188139,12.0
24,100,office,0.9539877300613497,12.0
0,100,office,0.9523517382413088,9.0
1,100,office,0.9521472392638037,9.0
2,100,office,0.9533742331288344,9.0
3,100,office,0.9503067484662576,9.0
4,100,office,0.9468302658486708,9.0
5,100,office,0.9525562372188139,9.0
6,100,office,0.9503067484662576,9.0
7,100,office,0.9496932515337423,9.0
8,100,office,0.9507157464212679,9.0
9,100,office,0.9537832310838446,9.0
10,100,office,0.9492842535787321,9.0
11,100,office,0.9482617586912065,9.0
12,100,office,0.9519427402862985,9.0
13,100,office,0.9523517382413088,9.0
14,100,office,0.9498977505112475,9.0
15,100,office,0.9529652351738241,9.0
16,100,office,0.9541922290388548,9.0
17,100,office,0.9480572597137015,9.0
18,100,office,0.9562372188139059,9.0
19,100,office,0.9503067484662576,9.0
20,100,office,0.949079754601227,9.0
21,100,office,0.9486707566462168,9.0
22,100,office,0.9554192229038855,9.0
23,100,office,0.9494887525562372,9.0
24,100,office,0.9527607361963191,9.0
0,100,office,0.9494887525562372,6.0
1,100,office,0.947239263803681,6.0
2,100,office,0.9498977505112475,6.0
3,100,office,0.945398773006135,6.0
4,100,office,0.943558282208589,6.0
5,100,office,0.9517382413087935,6.0
6,100,office,0.9464212678936605,6.0
7,100,office,0.9468302658486708,6.0
8,100,office,0.9443762781186094,6.0
9,100,office,0.949079754601227,6.0
10,100,office,0.9462167689161555,6.0
11,100,office,0.945398773006135,6.0
12,100,office,0.9507157464212679,6.0
13,100,office,0.9513292433537832,6.0
14,100,office,0.9496932515337423,6.0
15,100,office,0.9492842535787321,6.0
16,100,office,0.9511247443762781,6.0
17,100,office,0.9466257668711656,6.0
18,100,office,0.9531697341513292,6.0
19,100,office,0.9498977505112475,6.0
20,100,office,0.9451942740286299,6.0
21,100,office,0.9496932515337423,6.0
22,100,office,0.9511247443762781,6.0
23,100,office,0.9460122699386503,6.0
24,100,office,0.9492842535787321,6.0
0,100,office,0.945398773006135,3.0
1,100,office,0.9456032719836401,3.0
2,100,office,0.9484662576687116,3.0
3,100,office,0.9427402862985685,3.0
4,100,office,0.9408997955010225,3.0
5,100,office,0.9478527607361963,3.0
6,100,office,0.9429447852760736,3.0
7,100,office,0.941717791411043,3.0
8,100,office,0.9425357873210634,3.0
9,100,office,0.9443762781186094,3.0
10,100,office,0.9427402862985685,3.0
11,100,office,0.9406952965235174,3.0
12,100,office,0.9468302658486708,3.0
13,100,office,0.9478527607361963,3.0
14,100,office,0.9460122699386503,3.0
15,100,office,0.9474437627811861,3.0
16,100,office,0.947239263803681,3.0
17,100,office,0.9404907975460123,3.0
18,100,office,0.949079754601227,3.0
19,100,office,0.9476482617586912,3.0
20,100,office,0.9415132924335379,3.0
21,100,office,0.9474437627811861,3.0
22,100,office,0.9496932515337423,3.0
23,100,office,0.9456032719836401,3.0
24,100,office,0.9441717791411043,3.0
0,100,office,0.9390593047034764,0.0
1,100,office,0.9431492842535787,0.0
2,100,office,0.943762781186094,0.0
3,100,office,0.9408997955010225,0.0
4,100,office,0.9384458077709611,0.0
5,100,office,0.9406952965235174,0.0
6,100,office,0.9372188139059304,0.0
7,100,office,0.939877300613497,0.0
8,100,office,0.9402862985685072,0.0
9,100,office,0.939877300613497,0.0
10,100,office,0.93640081799591,0.0
11,100,office,0.9370143149284254,0.0
12,100,office,0.941717791411043,0.0
13,100,office,0.9449897750511247,0.0
14,100,office,0.9402862985685072,0.0
15,100,office,0.9462167689161555,0.0
16,100,office,0.945398773006135,0.0
17,100,office,0.938241308793456,0.0
18,100,office,0.9484662576687116,0.0
19,100,office,0.9433537832310839,0.0
20,100,office,0.9386503067484663,0.0
21,100,office,0.9427402862985685,0.0
22,100,office,0.9433537832310839,0.0
23,100,office,0.9386503067484663,0.0
24,100,office,0.9355828220858896,0.0
0,100,office,0.9343558282208589,-3.0
1,100,office,0.9376278118609407,-3.0
2,100,office,0.9386503067484663,-3.0
3,100,office,0.9366053169734151,-3.0
4,100,office,0.9359918200408998,-3.0
5,100,office,0.938241308793456,-3.0
6,100,office,0.9321063394683027,-3.0
7,100,office,0.9366053169734151,-3.0
8,100,office,0.9343558282208589,-3.0
9,100,office,0.9374233128834356,-3.0
10,100,office,0.9321063394683027,-3.0
11,100,office,0.934560327198364,-3.0
12,100,office,0.9359918200408998,-3.0
13,100,office,0.9445807770961145,-3.0
14,100,office,0.9355828220858896,-3.0
15,100,office,0.9394683026584867,-3.0
16,100,office,0.9427402862985685,-3.0
17,100,office,0.93640081799591,-3.0
18,100,office,0.9421267893660532,-3.0
19,100,office,0.9335378323108384,-3.0
20,100,office,0.9337423312883436,-3.0
21,100,office,0.9378323108384458,-3.0
22,100,office,0.9366053169734151,-3.0
23,100,office,0.9351738241308793,-3.0
24,100,office,0.9312883435582822,-3.0
0,100,living,0.9578732106339468,24.0
1,100,living,0.9570552147239264,24.0
2,100,living,0.9554192229038855,24.0
3,100,living,0.9566462167689161,24.0
4,100,living,0.9548057259713701,24.0
5,100,living,0.9597137014314928,24.0
6,100,living,0.950920245398773,24.0
7,100,living,0.9558282208588957,24.0
8,100,living,0.9533742331288344,24.0
9,100,living,0.9564417177914111,24.0
10,100,living,0.9546012269938651,24.0
11,100,living,0.9537832310838446,24.0
12,100,living,0.9588957055214724,24.0
13,100,living,0.9605316973415133,24.0
14,100,living,0.9566462167689161,24.0
15,100,living,0.9572597137014315,24.0
16,100,living,0.9574642126789366,24.0
17,100,living,0.9560327198364008,24.0
18,100,living,0.9582822085889571,24.0
19,100,living,0.9527607361963191,24.0
20,100,living,0.9541922290388548,24.0
21,100,living,0.9541922290388548,24.0
22,100,living,0.9580777096114519,24.0
23,100,living,0.9541922290388548,24.0
24,100,living,0.9578732106339468,24.0
0,100,living,0.9564417177914111,21.0
1,100,living,0.9562372188139059,21.0
2,100,living,0.9562372188139059,21.0
3,100,living,0.9546012269938651,21.0
4,100,living,0.9541922290388548,21.0
5,100,living,0.9570552147239264,21.0
6,100,living,0.9505112474437628,21.0
7,100,living,0.9543967280163599,21.0
8,100,living,0.9515337423312883,21.0
9,100,living,0.9570552147239264,21.0
10,100,living,0.9519427402862985,21.0
11,100,living,0.9525562372188139,21.0
12,100,living,0.9580777096114519,21.0
13,100,living,0.9586912065439673,21.0
14,100,living,0.9556237218813906,21.0
15,100,living,0.9552147239263804,21.0
16,100,living,0.9566462167689161,21.0
17,100,living,0.9556237218813906,21.0
18,100,living,0.9586912065439673,21.0
19,100,living,0.9519427402862985,21.0
20,100,living,0.9550102249488752,21.0
21,100,living,0.9501022494887525,21.0
22,100,living,0.9572597137014315,21.0
23,100,living,0.9525562372188139,21.0
24,100,living,0.9546012269938651,21.0
0,100,living,0.9562372188139059,18.0
1,100,living,0.9554192229038855,18.0
2,100,living,0.9523517382413088,18.0
3,100,living,0.9550102249488752,18.0
4,100,living,0.9535787321063395,18.0
5,100,living,0.9539877300613497,18.0
6,100,living,0.949079754601227,18.0
7,100,living,0.9513292433537832,18.0
8,100,living,0.9486707566462168,18.0
9,100,living,0.9560327198364008,18.0
10,100,living,0.9498977505112475,18.0
11,100,living,0.9498977505112475,18.0
12,100,living,0.9546012269938651,18.0
13,100,living,0.9562372188139059,18.0
14,100,living,0.9543967280163599,18.0
15,100,living,0.9541922290388548,18.0
16,100,living,0.9529652351738241,18.0
17,100,living,0.9533742331288344,18.0
18,100,living,0.9564417177914111,18.0
19,100,living,0.9515337423312883,18.0
20,100,living,0.9521472392638037,18.0
21,100,living,0.9519427402862985,18.0
22,100,living,0.9543967280163599,18.0
23,100,living,0.9519427402862985,18.0
24,100,living,0.9523517382413088,18.0
0,100,living,0.9521472392638037,15.0
1,100,living,0.9525562372188139,15.0
2,100,living,0.9492842535787321,15.0
3,100,living,0.950920245398773,15.0
4,100,living,0.9494887525562372,15.0
5,100,living,0.9519427402862985,15.0
6,100,living,0.9488752556237219,15.0
7,100,living,0.9484662576687116,15.0
8,100,living,0.9466257668711656,15.0
9,100,living,0.9533742331288344,15.0
10,100,living,0.9484662576687116,15.0
11,100,living,0.949079754601227,15.0
12,100,living,0.9523517382413088,15.0
13,100,living,0.9527607361963191,15.0
14,100,living,0.9494887525562372,15.0
15,100,living,0.9527607361963191,15.0
16,100,living,0.9513292433537832,15.0
17,100,living,0.9498977505112475,15.0
18,100,living,0.9521472392638037,15.0
19,100,living,0.9511247443762781,15.0
20,100,living,0.9474437627811861,15.0
21,100,living,0.9498977505112475,15.0
22,100,living,0.9535787321063395,15.0
23,100,living,0.9478527607361963,15.0
24,100,living,0.9488752556237219,15.0
0,100,living,0.9501022494887525,12.0
1,100,living,0.9468302658486708,12.0
2,100,living,0.9480572597137015,12.0
3,100,living,0.9476482617586912,12.0
4,100,living,0.9443762781186094,12.0
5,100,living,0.9494887525562372,12.0
6,100,living,0.9445807770961145,12.0
7,100,living,0.9433537832310839,12.0
8,100,living,0.9427402862985685,12.0
9,100,living,0.9460122699386503,12.0
10,100,living,0.943762781186094,12.0
11,100,living,0.9464212678936605,12.0
12,100,living,0.9470347648261759,12.0
13,100,living,0.9496932515337423,12.0
14,100,living,0.943762781186094,12.0
15,100,living,0.9488752556237219,12.0
16,100,living,0.9460122699386503,12.0
17,100,living,0.9447852760736196,12.0
18,100,living,0.9498977505112475,12.0
19,100,living,0.9464212678936605,12.0
20,100,living,0.9402862985685072,12.0
21,100,living,0.9468302658486708,12.0
22,100,living,0.947239263803681,12.0
23,100,living,0.9462167689161555,12.0
24,100,living,0.9460122699386503,12.0
0,100,living,0.9445807770961145,9.0
1,100,living,0.9429447852760736,9.0
2,100,living,0.9408997955010225,9.0
3,100,living,0.9425357873210634,9.0
4,100,living,0.9413087934560327,9.0
5,100,living,0.9470347648261759,9.0
6,100,living,0.9384458077709611,9.0
7,100,living,0.939877300613497,9.0
8,100,living,0.9404907975460123,9.0
9,100,living,0.9433537832310839,9.0
10,100,living,0.9394683026584867,9.0
11,100,living,0.941922290388548,9.0
12,100,living,0.9423312883435583,9.0
13,100,living,0.9462167689161555,9.0
14,100,living,0.939877300613497,9.0
15,100,living,0.9425357873210634,9.0
16,100,living,0.941717791411043,9.0
17,100,living,0.938241308793456,9.0
18,100,living,0.9447852760736196,9.0
19,100,living,0.9396728016359919,9.0
20,100,living,0.9335378323108384,9.0
21,100,living,0.9427402862985685,9.0
22,100,living,0.9406952965235174,9.0
23,100,living,0.9445807770961145,9.0
24,100,living,0.9384458077709611,9.0
0,100,living,0.9431492842535787,6.0
1,100,living,0.934560327198364,6.0
2,100,living,0.9361963190184049,6.0
3,100,living,0.934560327198364,6.0
4,100,living,0.9333333333333333,6.0
5,100,living,0.9390593047034764,6.0
6,100,living,0.9335378323108384,6.0
7,100,living,0.9329243353783231,6.0
8,100,living,0.934560327198364,6.0
9,100,living,0.9353783231083844,6.0
10,100,living,0.9341513292433538,6.0
11,100,living,0.9366053169734151,6.0
12,100,living,0.9370143149284254,6.0
13,100,living,0.9413087934560327,6.0
14,100,living,0.9323108384458078,6.0
15,100,living,0.9384458077709611,6.0
16,100,living,0.9339468302658487,6.0
17,100,living,0.9278118609406953,6.0
18,100,living,0.9361963190184049,6.0
19,100,living,0.9314928425357873,6.0
20,100,living,0.9237218813905931,6.0
21,100,living,0.93640081799591,6.0
22,100,living,0.9347648261758691,6.0
23,100,living,0.9378323108384458,6.0
24,100,living,0.9333333333333333,6.0
0,100,living,0.9298568507157464,3.0
1,100,living,0.9210633946830266,3.0
2,100,living,0.92719836400818,3.0
3,100,living,0.9237218813905931,3.0
4,100,living,0.9222903885480572,3.0
5,100,living,0.9298568507157464,3.0
6,100,living,0.9229038854805726,3.0
7,100,living,0.9253578732106339,3.0
8,100,living,0.9214723926380368,3.0
9,100,living,0.9257668711656442,3.0
10,100,living,0.9259713701431492,3.0
11,100,living,0.9257668711656442,3.0
12,100,living,0.9265848670756647,3.0
13,100,living,0.9323108384458078,3.0
14,100,living,0.9257668711656442,3.0
15,100,living,0.9298568507157464,3.0
16,100,living,0.9249488752556237,3.0
17,100,living,0.9177914110429448,3.0
18,100,living,0.9243353783231084,3.0
19,100,living,0.9212678936605317,3.0
20,100,living,0.907157464212679,3.0
21,100,living,0.9267893660531697,3.0
22,100,living,0.9280163599182004,3.0
23,100,living,0.92719836400818,3.0
24,100,living,0.9239263803680982,3.0
0,100,living,0.9149284253578732,0.0
1,100,living,0.9075664621676892,0.0
2,100,living,0.9100204498977505,0.0
3,100,living,0.9087934560327199,0.0
4,100,living,0.9032719836400818,0.0
5,100,living,0.9169734151329243,0.0
6,100,living,0.916359918200409,0.0
7,100,living,0.9120654396728016,0.0
8,100,living,0.9049079754601227,0.0
9,100,living,0.9098159509202454,0.0
10,100,living,0.9130879345603272,0.0
11,100,living,0.9112474437627812,0.0
12,100,living,0.910838445807771,0.0
13,100,living,0.9147239263803681,0.0
14,100,living,0.908997955010225,0.0
15,100,living,0.9120654396728016,0.0
16,100,living,0.90920245398773,0.0
17,100,living,0.9004089979550102,0.0
18,100,living,0.9096114519427403,0.0
19,100,living,0.9008179959100204,0.0
20,100,living,0.8910020449897751,0.0
21,100,living,0.9120654396728016,0.0
22,100,living,0.9134969325153375,0.0
23,100,living,0.911042944785276,0.0
24,100,living,0.907361963190184,0.0
0,100,living,0.8961145194274028,-3.0
1,100,living,0.8750511247443763,-3.0
2,100,living,0.8824130879345603,-3.0
3,100,living,0.8830265848670756,-3.0
4,100,living,0.881799591002045,-3.0
5,100,living,0.8922290388548058,-3.0
6,100,living,0.8905930470347648,-3.0
7,100,living,0.8871165644171779,-3.0
8,100,living,0.8779141104294479,-3.0
9,100,living,0.8858895705521472,-3.0
10,100,living,0.8926380368098159,-3.0
11,100,living,0.8869120654396728,-3.0
12,100,living,0.8893660531697342,-3.0
13,100,living,0.8952965235173824,-3.0
14,100,living,0.8895705521472392,-3.0
15,100,living,0.8828220858895706,-3.0
16,100,living,0.8820040899795502,-3.0
17,100,living,0.8777096114519427,-3.0
18,100,living,0.8822085889570552,-3.0
19,100,living,0.8750511247443763,-3.0
20,100,living,0.8554192229038855,-3.0
21,100,living,0.8838445807770962,-3.0
22,100,living,0.8930470347648262,-3.0
23,100,living,0.8844580777096115,-3.0
24,100,living,0.8795501022494887,-3.0
